country,1961,1962,1963,1964,1965,1966,1967,1968,1969,1970,1971,1972,1973,1974,1975,1976,1977,1978,1979,1980,1981,1982,1983,1984,1985,1986,1987,1988,1989,1990,1991,1992,1993,1994,1995,1996,1997,1998,1999,2000,2001,2002,2003,2004,2005,2006,2007,2008,2009,2010,2011,2012,2013,2014,2015,2016,2017,2018,2019,2020,2021,2022,2023
Aruba,1.16,1.3,1.17,1.05,0.957,0.834,0.473,0.104,−0.0602,−0.201,−0.319,−1.29,0.401,0.0576,−0.122,0.095,0.332,0.304,0.675,1.17,1.06,1.14,1.51,1.05,−1.91,−2.99,−1.33,0.261,1.83,3.72,4.86,4,5.74,4.34,1.97,3.1,3.02,1.6,0.493,0.156,0.123,−0.104,0.34,1.33,1.78,0.981,−0.0746,−0.0656,−0.152,−0.607,0.462,1.51,1.57,1.18,1.18,0.952,0.242,0.43,0.582,−0.221,−0.433,0.0592,0.504
Afghanistan,5.28,5.35,5.39,5.45,5.5,5.54,5.55,5.6,5.61,5.66,5.62,5.63,5.7,5.68,5.56,5.34,5.23,5.1,3.41,−0.107,−6.34,−4.79,2.77,5.89,5.48,3.31,3.06,4.49,3.43,1.86,2.01,8.57,12.2,8.81,5.31,4.42,4.22,4.18,4.14,1.63,1.17,5.67,6.56,4.23,4.42,4.99,2.79,3.08,4.53,3.82,4.58,4.93,4.3,4.51,3.99,3.41,3.72,3.88,4,4.2,3.46,2.58,3.32
Angola,4.75,4.68,4.68,4.69,4.68,4.69,4.68,4.66,4.62,5.08,6.75,8.14,8.48,8.48,8.37,8.25,8.22,8.26,8.23,8.25,8.22,8.19,8.16,8.08,7.97,7.83,7.61,7.46,7.38,7.27,7.15,6.99,6.81,6.77,6.02,6.01,5.96,5.86,5.75,5.72,5.7,5.7,5.73,5.77,5.76,5.04,5.07,5.09,5.08,5.11,5.13,5.1,5.04,4.9,4.74,4.68,4.61,4.49,4.39,4.24,4.13,4.06,3.97
Albania,3.89,3.29,3.18,3.11,2.98,2.86,2.86,3.07,3.22,3.16,3.03,3.1,2.96,2.9,2.9,2.81,2.81,2.67,2.58,2.83,2.78,2.88,2.89,2.87,2.82,2.69,2.76,2.64,3.44,2.54,0.141,0.878,0.856,0.844,0.824,0.812,0.788,0.775,0.756,0.742,0.71,2.18,2.06,1.97,1.83,1.66,1.49,1.44,1.47,1.61,1.79,1.85,1.74,1.65,1.48,1.54,1.54,1.32,1.07,0.858,0.443,0.0937,0.104
Andorra,12.1,11.5,10.9,10.4,9.82,10,10.7,10.7,10.1,9.57,9.08,8.67,8.29,7.89,7.5,7.1,6.66,6.2,5.66,5.09,4.6,4.92,5.2,4.72,4.14,4.44,3.96,3.48,2.24,3.66,7.26,5.83,4.75,1.86,−1.33,−0.14,0.85,0.778,0.219,−0.331,−0.114,0.536,3.91,6.23,3.57,2.23,2.28,1.62,0.365,−3.97,−3.79,−1.33,−2.26,−2.07,−2.25,−0.1,2.06,1.78,1.64,1.1,1.2,1.64,1.39
UAE,6.14,6.08,6.01,5.88,5.58,5.04,4.21,11.1,18.4,17.9,15.6,13.9,12.5,11.4,10.4,12.7,14.5,13.3,12.2,11,7.93,5.6,5.47,5.29,5.08,6.07,6.85,6.43,6.05,5.7,5.37,5.06,4.77,4.48,4.28,6.7,8.69,8.17,7.7,7.27,6.9,6.58,6.28,5.98,5.66,7.59,12,11.8,6.64,2.81,3.76,4.34,4.37,5.02,5.73,5.27,3.5,1.65,1.36,−0.177,2.12,5.37,4.25
Argentina,2.48,2.4,2.37,2.32,2.25,2.21,2.19,2.18,2.17,2.18,2.13,2.11,2.14,2.15,2.11,2.05,2.06,2.07,2.05,2.04,2.11,2.14,2.12,2.1,2.06,2.03,2.01,2,1.97,1.92,1.83,1.63,1.59,1.58,1.54,1.49,1.44,1.4,1.37,1.35,1.31,1.27,1.23,1.21,1.22,1.22,1.17,1.19,1.24,1.23,1.22,1.17,1.13,1.17,1.19,1.1,1.01,0.955,0.843,0.615,0.394,0.339,0.413
Armenia,5.05,4.94,4.81,4.67,4.52,4.36,4.2,4.04,3.81,3.49,3.3,3.32,3.33,3.33,3.07,3.63,4.24,4.29,2.8,1.25,1.21,1.2,1.21,1.34,1.42,1.36,1.32,1.1,2.56,2.72,1.32,−1.58,−3.78,−3.01,−2.12,−1.29,−1.42,−1.6,−1.72,1.25,−0.725,−0.606,−0.696,−0.709,−0.743,−0.77,−0.789,−0.811,−0.843,−0.851,−0.714,−0.284,−0.19,−0.354,−0.348,−0.415,−0.399,−0.277,−0.108,0.115,0.213,0.456,0.989
American Samoa,3.26,3.65,3.72,3.79,3.79,3.68,3.56,3.57,3.51,3.02,2.43,2.22,2.12,2.08,2.31,2.45,2.38,2.32,2.21,3.09,4.53,4.8,4.73,4.65,4.59,4.51,4.44,4.38,4.31,4,3.78,3.48,3.3,3.14,2.99,2.85,2.71,2.57,2.39,1.59,0.24,−0.0951,−0.268,−0.382,−0.464,−0.545,−0.578,−0.624,−0.655,−0.659,−0.709,−0.836,−0.973,−1.07,−1.16,−1.25,−1.3,−1.34,−1.39,−0.891,−1.06,−1.78,−1.67
Antigua and Barbuda,0.104,−0.181,−0.214,−0.109,−0.0319,−0.109,−0.137,−0.114,−0.096,−0.147,0.544,0.0592,−0.191,−0.21,−0.105,0.11,0.393,0.509,0.601,0.602,0.465,0.423,0.461,0.15,−0.221,−0.257,−0.284,−0.276,−0.241,−0.179,0.616,0.515,0.745,0.809,0.902,0.967,0.945,0.785,0.599,0.554,0.319,−0.786,−0.956,−1.02,−0.967,−0.877,−0.779,−0.689,−0.653,−0.836,−0.879,0.378,0.224,0.103,0.0224,0.00895,0.0134,0.0447,0.103,0.228,0.329,0.39,0.455
Australia,2.49,2.79,2.26,2.3,2.29,2.61,1.46,1.96,2.29,2.16,3.57,2.03,1.72,2.72,1.42,1.19,1.31,1.34,1.26,1.39,1.73,1.7,1.33,1.17,1.3,1.41,1.49,1.6,1.66,1.44,1.24,0.981,0.739,0.811,0.961,1.06,0.927,0.839,0.936,0.984,1.12,1.28,1.29,1.21,1.36,1.49,1.97,2.15,2.2,1.7,1.53,1.87,1.84,1.61,1.55,1.68,1.77,1.62,1.61,1.37,0.281,1.42,2.6
Austria,0.694,0.688,0.719,0.742,0.725,0.778,0.823,0.594,0.421,0.426,0.512,0.597,0.569,0.186,−0.25,−0.161,0.0537,−0.0657,−0.155,0.0154,0.214,−0.333,−0.568,−0.417,−0.364,−0.354,−0.356,−0.281,0.026,0.332,0.567,0.666,0.386,−0.057,−0.291,−0.314,−0.336,−0.345,−0.262,−0.22,−0.0816,0.0254,0.0167,0.146,0.205,0.0159,−0.161,−0.174,−0.227,−0.253,−0.159,0.512,0.92,1.11,1.45,1.41,1.02,0.836,0.818,0.813,0.855,1.4,1.45
Azerbaijan,3.24,2.41,2.39,2.76,2.42,2.29,2,1.79,1.69,2.22,3.03,2.93,2.77,2.44,2.07,1.99,2.01,2.07,1.89,1.69,1.79,1.81,1.82,1.96,1.92,1.86,1.91,1.8,1.38,0.813,0.756,0.932,0.934,0.762,0.566,0.416,0.369,0.346,0.696,1.21,1.17,1.13,1.15,1.26,1.4,1.48,1.52,2.48,2.45,1.6,1.73,1.79,1.78,1.76,1.73,1.68,1.56,1.47,1.48,1.34,1.11,0.731,0.83
Burundi,4.34,4.36,3.9,4.66,5.46,6.72,6.87,6.69,6.48,6.44,6.73,4.31,4.12,6.77,6.77,6.49,6.83,7.15,6.71,7.98,7.78,6.22,6.38,6.13,5.83,5.56,5.96,5.88,5.62,5.72,4.96,5.45,−0.384,3.41,8.76,2.82,2.73,4.66,4.99,4.66,5.08,5.4,5.73,6.29,6.26,6.15,6.23,6.67,7.58,7.21,6.11,6.09,6.13,5.92,4.8,4.26,4.89,5.55,5.81,5.44,5.25,5.23,5.24
Belgium,0.434,0.533,0.916,1.11,1.07,0.833,0.711,0.544,0.431,0.244,0.324,0.53,0.45,0.447,0.418,0.306,0.341,0.303,0.291,0.304,0.159,0.0795,0.0966,0.101,0.129,0.133,0.181,0.41,0.455,0.386,0.459,0.49,0.473,0.389,0.289,0.272,0.317,0.288,0.3,0.308,0.403,0.505,0.475,0.488,0.604,0.712,0.787,0.841,0.854,0.963,1.35,0.667,0.517,0.489,0.623,0.55,0.428,0.496,0.581,0.47,0.45,0.845,0.95
Benin,7.73,7.8,7.84,7.87,7.88,7.89,7.87,7.87,7.85,7.84,7.82,7.81,7.77,7.75,7.72,7.71,7.67,7.64,6.96,5.21,5.26,5.29,5.28,5.28,5.29,5.3,5.3,5.31,5.29,5.29,5.27,4.72,5.3,4.6,2.96,3.46,3.8,3.92,3.93,3.91,3.88,4.03,4.32,4.33,4.47,4.36,4.19,4.24,4.21,4.18,4.17,4.15,4.11,4.12,4.12,4.09,4.04,3.97,3.89,3.81,3.74,3.69,3.66
Burkina Faso,3.47,3.47,3.52,3.56,3.6,3.64,3.69,3.71,3.74,3.75,3.71,3.73,3.77,3.87,4,7.08,9.32,9.47,9.52,9.58,9.57,9.56,9.59,9.59,9.51,6.78,4.59,4.54,4.49,4.48,4.37,4.3,4.31,4.33,4.37,4.37,5.57,6.69,6.83,6.86,6.88,6.89,6.88,6.88,6.84,6.78,5.93,5.25,5.21,5.2,5.22,5.26,5.22,5.18,5.15,5.1,4.99,4.81,4.63,4.51,4.42,4.33,4.27
Bangladesh,5.57,6.99,7,6.97,6.98,6.95,6.97,6.96,6.86,6.58,5.72,5.89,6.82,8.3,11.1,11,10.8,10.7,10.6,10.5,8.77,5.31,5.23,5.11,4.99,4.86,4.74,4.62,4.51,4.45,4.14,3.61,3.58,3.57,3.56,3.52,3.53,3.57,3.57,3.49,3.79,4.25,4.14,4.02,3.89,3.77,3.66,3.55,3.46,3.38,3.38,3.39,3.31,3.24,3.17,3.13,3.04,2.96,2.93,2.88,2.81,2.97,3.12
Bulgaria,5.39,5.2,5.01,4.89,4.67,3.83,3.27,3.29,3.28,3.11,2.56,2.43,2.44,2.54,2.31,2.09,2.05,1.61,1.6,1.84,1.14,1.09,1.04,1.01,0.762,0.605,0.68,0.64,−0.649,−1.29,−0.48,−0.567,−0.39,−0.003,−0.113,−0.184,−0.28,−0.341,−0.235,−0.171,−1.6,−1.65,−0.283,−0.249,−0.254,−0.268,−0.249,−0.22,−0.169,−0.188,−0.178,−0.116,−0.0975,−0.108,−0.179,−0.244,−0.274,−0.269,−0.253,−0.151,−0.368,−3.02,−2.56
Bahrain,4.09,4,3.93,3.87,3.71,3.59,3.46,2.68,1.72,1.34,2.89,5.1,5.59,5.51,5.42,5.3,5.17,5.01,4.85,4.67,4.22,3.79,3.73,3.78,3.83,3.87,3.87,3.85,3.78,3.67,−2.09,2.71,2.63,2.63,2.63,2.63,2.63,2.63,2.63,2.63,3.65,7.19,7.33,7.48,7.63,7.78,7.93,6.04,6.62,4.23,−2.7,1.24,3.68,4.87,4.25,3.93,5.4,0.245,−1.17,−0.656,2.29,1.48,3.52
Bahamas,6.17,6.24,6.19,5.81,5.55,5.67,5.73,5.76,5.57,4.87,4.12,3.66,3.34,3.17,3.1,3.07,3.02,2.94,2.82,2.71,2.75,2.66,2.64,2.62,2.61,2.59,2.54,2.53,2.56,2.44,2.01,2.12,2.15,2.03,1.93,1.85,1.77,1.69,1.6,1.54,1.28,1.2,1.25,1.28,1.25,1.35,1.46,1.4,1.35,1.33,1.21,1.07,1,0.966,0.888,0.805,0.736,0.69,0.626,0.436,0.273,0.446,0.637
Bosnia and Herzegovina,5.35,5.51,5.29,5.16,5.02,4.92,4.82,4.68,4.52,4.38,4.18,3.76,3.71,3.68,3.64,3.59,3.51,3.44,3.37,3.34,2.92,1.77,1.77,1.74,1.68,1.6,1.51,1.42,1.3,1.18,1.05,−4.37,−7.35,−3.93,0.5,4.97,4.38,2.51,1.75,1.46,1.21,0.942,0.505,−0.171,−0.357,−0.0958,−0.517,−0.942,−1.02,−1.07,−1.14,−1.24,−0.937,−0.595,−0.599,−0.574,−0.534,−0.455,−0.445,−0.583,−0.841,−0.405,0.238
Belarus,4.29,4.32,4.31,4.26,4,3.95,3.91,3.85,3.74,3.77,3.83,3.73,3.59,3.43,2.96,2.84,2.86,2.91,2.72,2.57,2.6,2.54,2.49,2.44,2.34,2.32,2.27,1.84,1.39,0.792,0.64,0.809,0.802,0.455,0.244,0.224,0.138,0.0969,0.153,0.233,0.178,0.0438,−0.0311,−0.0234,−0.0355,0.0242,0.167,0.271,0.357,0.453,0.454,0.518,0.623,0.702,0.767,0.708,0.497,0.374,0.368,0.13,−0.292,−0.285,−0.0379
Belize,1.93,1.96,2.15,2.31,2.39,2.45,2.48,2.44,2.25,1.72,1.39,1.2,1.1,1.05,1.39,1.74,1.76,1.74,1.8,2.03,2.15,2.11,2.04,1.98,1.92,1.87,1.84,1.82,1.82,1.79,1.73,1.64,1.58,1.68,2.05,2.52,2.88,3.03,2.98,2.86,3.06,2.99,2.95,2.92,2.88,2.83,2.78,2.71,2.64,2.37,2.18,2.19,2.21,2.23,2.26,2.52,2.54,2.13,1.77,1.63,1.54,2.27,2.51
Bermuda,2.14,2.56,2.46,2.33,2.24,2.24,2,1.78,1.77,1.58,0.922,0.372,0.27,0.208,0.138,0.152,0.21,0.204,0.161,0.291,0.602,0.72,0.715,0.713,0.683,0.614,0.671,0.768,0.756,0.75,0.736,0.727,0.698,0.641,0.559,0.481,0.607,0.765,0.797,0.695,0.514,0.444,0.392,0.271,0.249,0.196,0.28,0.459,0.418,0.251,0.0126,−0.137,−0.113,−0.0708,−0.102,−0.0236,0.203,0.397,0.431,0.428,0.412,0.156,−0.0788
Bolivia,2.85,2.86,2.89,2.91,2.92,2.95,2.97,3,3.01,3.01,3.01,3.01,3.01,3.01,3.02,3.04,4.26,4.62,4.55,4.49,4.41,4.34,4.27,4.21,4.15,4.09,4.06,4.03,3.98,3.93,3.87,3.73,2.91,2.85,2.8,2.75,2.69,2.64,2.61,2.57,2.52,2.44,2.41,2.41,2.4,2.42,2.41,2.38,2.35,2.32,2.29,2.26,2.14,2.06,2.02,1.99,1.96,1.93,1.91,1.73,1.52,1.67,1.87
Brazil,5.13,5.04,4.96,4.87,4.75,4.63,4.5,4.39,4.29,4.22,4.19,4.15,4.09,4.03,3.98,3.94,3.9,3.87,3.82,3.77,3.7,3.61,3.53,3.45,3.36,3.26,3.14,3.04,2.94,2.85,2.75,2.67,2.59,2.51,2.45,2.4,2.43,2.41,2.35,2.24,1.75,1.64,1.57,1.52,1.47,1.43,1.38,1.32,1.25,1.19,1.16,1.16,1.15,1.14,1.12,1.08,1.04,0.984,0.946,0.866,0.705,0.632,0.662
Barbados,1.17,1.08,1.18,1.2,1.22,1.25,1.05,0.781,0.557,0.29,0.599,0.885,0.949,0.86,0.838,0.781,0.743,0.641,0.551,0.582,−0.389,−0.364,−0.341,−0.332,−0.346,−0.392,−0.448,−0.524,−0.578,−0.574,−0.673,−0.642,−0.697,−0.767,−0.841,−0.913,−0.969,−1,−0.991,−1.13,−0.449,0.0634,0.0238,−0.0238,−0.0691,−0.115,−0.124,−0.0784,−0.0853,−0.196,−0.21,−0.176,−0.132,−0.0757,−0.0218,0.0378,0.0951,0.155,0.211,0.28,0.336,0.309,0.329
Brunei,8.74,8.43,8.34,8.32,8.11,7.89,7.65,7.39,7.09,5.68,4.82,3.56,3.82,3.76,3.72,3.68,3.64,3.49,3.35,3.34,3.33,3.4,3.49,3.55,3.6,3.63,3.42,3.2,3.15,3.09,3.04,3.46,3.39,3.31,3.23,3.15,3.07,3,2.93,2.87,2.78,2.55,2.42,2.31,2.19,2.09,2.18,2.33,2.36,2.37,2.25,1.99,1.83,1.78,1.73,1.69,1.63,1.57,1.51,1.46,1.35,1.19,1.16
Bhutan,8.17,8.32,8.42,8.44,8.47,8.51,8.56,8.57,8.6,8.59,8.59,8.58,8.54,8.53,8.51,8.51,8.46,8.46,8.4,8.32,8.23,8.15,8.08,8.04,7.94,7.88,7.82,7.72,7.62,7.34,6.38,0.823,0.432,4.43,3.24,4.52,6.1,6.17,6.5,6.58,6.4,6.24,6.08,5.92,5.44,3.72,3.52,3.46,3.41,3.37,3.35,3.29,3.22,3.13,3,2.89,2.72,2.51,2.4,2.35,2.33,2.27,2.21
Botswana,3.45,3.48,3.52,6.91,16.1,15,14.9,14.8,14.7,14.6,15.6,11,11.5,11.7,11.7,11.8,11.9,12.6,12.5,10.3,9.72,14.4,14.4,14.1,13.6,13.2,12.7,12,11.4,10.9,10.4,5.32,4.66,4.55,4.37,4.16,3.99,3.87,3.79,3.74,3.63,2.82,2.6,2.58,2.61,2.68,4.61,4.59,4.55,4.5,4.27,3.08,2.74,2.66,2.61,2.57,2.54,2.5,2.46,2.44,2.45,2.51,2.53
Central African Republic,5.06,5.08,5.09,5.14,5.15,5.19,5.22,5.46,5.45,5.35,5.17,5.02,4.93,4.91,4.88,3.36,2.02,2.03,2.05,2.07,2.09,2.12,2.15,2.18,2.19,2.21,2.25,2.6,3.09,3.33,3.35,3.4,3.4,3.34,2.95,2.81,2.97,2.93,2.95,2.97,2.44,2.4,2.61,2.38,2.53,2.37,2.31,2.57,−0.172,−0.258,2.18,1.64,1.38,0.328,0.925,2.65,2.57,2.69,2.32,2.66,2.75,0.825,2.2
Canada,2.87,3.04,3.01,3,2.89,2.89,2.49,2.29,2.03,2.05,3.52,1,1.06,1.24,1.3,1.17,1.22,1.05,1.04,1.34,1.3,1.4,1.2,1.15,1.12,1.19,1.34,1.32,1.82,1.53,1.29,1.53,1.44,1.43,1.37,1.4,1.49,1.32,1.29,1.4,1.5,1.18,0.998,1.03,1.04,1.13,1.2,1.31,1.37,1.33,1.17,1.13,1.1,1.05,0.811,1.18,1.26,1.51,1.55,1.18,0.665,1.93,3.07
Channel Islands,0.191,0.351,0.437,0.458,0.438,0.411,0.407,0.365,0.318,0.306,0.229,−0.182,−0.272,−0.361,−0.478,−0.704,−0.919,−0.995,−1.01,−1.02,−0.465,0.772,0.874,0.918,0.935,0.919,0.629,0.634,0.671,0.78,0.407,−0.275,−0.423,−0.477,−0.544,−0.181,0.496,0.525,0.498,0.429,0.597,0.893,0.919,0.915,0.915,0.909,0.907,0.905,0.907,0.901,0.801,0.56,0.523,0.481,0.34,0.158,0.215,0.381,0.473,0.462,0.463,0.492,0.549
Switzerland,2.43,2.95,2.55,2.06,1.56,1.44,1.63,1.65,1.51,1.11,0.726,0.835,0.811,0.611,0.0291,−0.499,−0.266,0.0816,0.273,0.468,0.532,0.504,0.348,0.278,0.362,0.44,0.547,0.653,0.727,0.946,1.17,1.03,0.839,0.724,0.595,0.368,0.167,0.224,0.403,0.487,0.622,0.792,0.777,0.721,0.676,0.663,0.929,1.31,1.28,1.08,1.14,1.09,1.18,1.25,1.17,1.12,0.963,0.785,0.784,0.82,0.875,0.96,1.41
Chile,3.29,3.17,3.11,3.04,2.95,2.87,2.79,2.72,2.66,2.6,2.52,2.48,2.44,2.39,2.34,2.31,2.27,2.22,2.18,2.15,2.12,2,1.64,1.66,1.68,1.71,1.74,1.78,1.8,1.82,1.82,1.81,1.95,1.89,1.85,1.79,1.7,1.66,1.61,1.54,1.49,1.38,1.11,1.08,1.06,1.04,1.05,1.07,1.08,1.07,1.05,1.02,1.02,1.06,1.09,1.28,1.66,1.87,1.69,0.992,0.544,0.604,0.653
China,2.05,3.87,5.49,5.33,1.21,1.84,1.84,1.88,2.01,2.03,2.12,1.83,2.28,2.69,2.39,1.89,1.71,3.48,5.26,5.16,5.13,5.3,4.47,4.32,4.34,4.44,4.53,4.51,4.4,4.31,4.6,4.43,4.3,4.25,4.16,4.09,4.01,3.91,3.77,3.65,4.06,4.2,4.08,3.98,3.88,3.67,3.51,3.43,3.34,3.26,3.12,3.13,3.05,2.95,2.84,2.78,2.74,2.5,2.29,2.08,1.84,1.65,1.47
Cote d'Ivoire,10.4,10.4,10.4,10.3,10.2,6.71,6.69,6.68,6.73,6.87,7.03,7.16,7.19,7.18,7.42,8.22,7.72,7.74,4.45,4.54,4.59,4.61,4.59,4.57,4.54,4.48,4.43,4.51,4.82,4.87,4.91,4.92,4.9,4.85,4.82,4.78,4.74,4.67,4.2,3.73,3.63,3.53,3.43,3.36,3.31,3.28,3.24,3.18,3.12,3.09,3.06,2.97,2.86,3.29,3.76,3.78,3.71,3.59,3.52,3.44,3.39,3.43,3.43
Cameroon,5.42,5.74,6.02,6.02,6.01,6.05,6.09,6.15,6.19,6.24,8.8,8.75,8.66,8.59,8.49,7.63,5.3,5.42,5.47,5.89,6.11,4.95,4.58,5.28,5.44,5.45,5.22,4.48,4.4,4.41,4.36,4.3,4.26,4.21,4.14,4.07,4.01,3.99,3.99,3.95,3.93,3.97,4,4.01,4,3.98,4.03,4.07,4.06,4.04,4,3.97,3.95,4.15,4.25,4.08,3.91,3.83,3.83,3.76,3.67,3.63,3.63
"Congo, Dem. Rep.",3.57,3.6,3.64,3.66,3.73,3.84,3.9,3.91,3.87,3.83,3.7,3.62,3.64,3.63,3.61,3.54,3.48,4.05,4.46,4.07,3.85,3.93,4.1,4.27,4.78,4.6,4.59,4.64,4.58,4.73,4.74,4.78,4.96,6.11,5.53,3.29,2.96,4.06,4.69,4.53,4.48,4.36,4.22,4.23,4.36,4.38,4.33,4.32,4.4,4.5,4.6,4.66,4.72,4.71,4.62,4.86,4.97,4.66,4.48,4.53,4.54,4.52,4.55
"Congo, Rep.",4.83,4.84,4.87,4.9,4.92,4.95,4.97,4.99,5.01,5.04,5.06,5.08,5.07,5.13,4.91,4.53,4.44,4.36,4.27,4.19,4.12,4.03,3.91,4.31,4.22,3.74,3.72,3.69,3.67,3.63,3.61,3.59,3.71,3.71,3.56,3.51,2.96,3.01,3.5,4.63,4.56,3.14,3.56,4.18,4.35,4.48,4.39,4.02,4.72,4.87,3.97,3.51,3.14,3.12,3.12,3.12,3.12,3.12,3.09,3.07,3.06,3.06,3.07
Colombia,6.14,6.06,5.94,5.83,4.48,4.34,4.23,4.12,3.99,3.88,3.73,3.62,3.57,3.46,3.38,3.33,3.34,3.36,3.33,3.35,3.35,3.34,3.36,3.3,3.13,2.86,2.77,2.75,2.75,2.75,2.68,2.64,2.65,2.61,2.54,2.44,2.4,2.39,2.33,2.22,2.14,2.1,2.06,2.01,1.93,1.85,1.78,1.71,1.66,1.62,1.55,1.47,1.41,1.34,1.3,1.42,1.87,2.25,2.19,1.83,1.48,1.45,1.49
Comoros,7.91,7.84,7.74,7.64,7.46,7.55,4.22,4.68,4.75,4.83,4.94,5.04,5.13,5.2,5.2,5.17,5.1,5.02,4.9,4.74,4.67,4.64,4.65,4.64,4.63,4.61,4.56,4.5,4.46,4.4,4.2,2.32,1.67,1.62,1.58,1.57,1.57,1.56,1.63,1.76,1.9,1.96,1.77,1.74,1.94,1.97,2.01,2.06,2.11,2.17,2.24,2.31,2.47,2.58,2.58,2.57,2.57,2.58,2.61,2.7,2.77,2.78,2.82
Cape Verde,3.98,4.74,4.91,4.88,4.85,4.85,4.87,4.88,4.88,4.61,3.85,2.98,2.68,2.73,2.91,2.99,2.89,2.85,2.84,3.33,7.49,7.46,7.32,7.16,6.98,8.71,8.44,8.17,7.97,8.16,4.48,4.31,4.15,4,3.84,3.67,3.54,3.43,3.31,3.27,3.12,3.02,2.88,2.76,2.66,2.6,2.52,2.43,2.31,2.03,1.13,0.897,0.839,0.795,0.778,0.781,0.8,0.821,0.836,0.8,1.05,1.25,1.14
Costa Rica,3.95,3.89,4.17,5.17,5.02,4.88,4.73,4.56,4.42,4.33,4.24,4.17,4.01,3.4,3.41,3.44,3.46,3.49,3.52,3.54,3.53,3.55,3.55,3.62,4.75,4.69,4.59,4.49,4.39,4.37,4.36,4.31,4.24,4.17,4.08,3.99,3.87,3.75,3.62,3.47,4.07,3.85,3.66,3.52,3.42,3.31,3.19,3.12,3.03,2.87,2.74,2.64,2.49,2.36,2.27,2.14,2,1.89,1.76,1.56,1.31,1.18,1.17
Cuba,2.36,2.38,2.42,2.43,2.39,2.32,2.24,2.17,2.14,2.11,2.91,2.94,2.74,2.56,2.37,2.19,2,1.83,1.67,1.55,1.54,1.45,1.52,1.54,1.54,1.55,1.57,1.61,1.62,1.58,1.23,0.839,0.714,0.617,0.563,0.535,0.585,0.651,0.652,0.644,0.622,0.602,0.499,0.385,0.334,0.264,0.199,0.162,0.147,0.144,0.157,0.134,0.0156,−0.0655,−0.0494,−0.0397,−0.0969,−0.106,−0.123,−0.127,−0.359,−0.421,−0.204
Cayman Islands,2.03,2.07,2.13,2.16,2.11,2.1,2.16,2.05,1.93,3.4,5.38,5.83,5.57,5.29,5.01,4.72,4.41,4.04,3.89,4.36,4.72,4.61,4.42,4.28,4.17,4.01,3.87,3.73,3.78,4.42,4.86,4.75,4.63,4.49,4.34,4.19,4.02,3.81,3.62,3.57,3.5,3.41,3.29,3.18,3.12,3.04,2.97,2.9,2.83,2.78,2.75,2.71,2.62,2.53,2.43,2.34,2.25,2.16,2.08,2,2.05,2.09,2
Cyprus,3.05,2.36,2.32,2.21,2.18,2.24,2.25,2.24,2.24,2.25,2.29,2.33,2.98,4.72,4.34,5.12,5.26,5.07,4.87,4.7,4.52,4.58,2.88,2.37,2.31,2.26,2.21,2.15,2.08,2.02,1.95,2.02,2.2,2.41,2.29,2.2,2.12,2.05,1.99,1.93,1.9,1.67,1.63,1.6,1.57,1.54,1.51,1.48,1.46,1.44,1.43,1.42,1.39,1.34,1.34,1.34,1.31,1.27,1.24,1.23,1.2,1.14,1.13
Czech Republic,0.701,1.21,1.28,1.39,1.31,1.2,1.09,0.994,0.949,0.346,1.06,2.22,2.29,2.34,2.32,2.23,2.1,1.99,1.88,1.45,0.382,0.0997,0.0491,0.0231,0.0284,0.0109,0.0107,0.0384,0.0174,−0.306,−0.323,−0.0682,−0.0681,−0.136,−0.234,−0.291,−0.284,−0.271,−0.279,−0.459,−0.526,−0.285,−0.122,−0.0632,0.0446,0.177,0.488,0.735,0.474,0.197,0.111,0.156,0.16,0.233,0.323,0.319,0.408,0.493,0.568,0.432,−1.61,1.79,2.02
Germany,1.21,0.97,1.02,0.896,0.942,0.923,0.546,0.533,0.882,0.42,0.264,0.557,0.394,0.118,−0.294,−0.35,−0.148,−0.01,0.123,0.286,0.351,0.0664,−0.268,−0.565,−0.542,−0.0836,0.455,0.614,0.742,1.06,0.935,0.884,0.844,0.636,0.581,0.575,0.428,0.296,0.342,0.412,0.441,0.439,0.324,0.245,0.208,0.149,0.127,0.0674,0.00225,0.1,−1.6,0.201,0.286,0.43,0.879,0.838,0.422,0.367,0.308,0.181,0.16,0.855,−0.469
Djibouti,6.04,6.52,7,7.44,7.64,7.54,7.37,7.21,7.79,8.29,8.4,8.64,8.74,9.25,10.2,11,11.3,10.9,9.76,8.1,6.44,5.2,4.25,4.13,5.02,5.99,6.65,6.69,7.98,10.5,8.73,−0.747,−1.84,2.07,1.07,2.45,3.62,4.08,3.55,3.2,3.22,3.16,2.29,1.6,1.63,2.02,2.23,2.12,2.14,2.1,2.03,2,1.96,1.92,1.87,1.83,1.8,1.77,1.73,1.69,1.64,1.61,1.6
Dominica,1.57,1.4,1.47,1.54,1.63,1.74,1.83,1.91,1.96,2.04,2.91,2.75,2.71,2.65,2.58,2.51,2.39,2.27,2.13,1.95,2.05,3.15,2.99,2.9,2.76,2.61,2.42,2.26,2.08,1.86,1.72,0.177,0.292,0.198,0.122,0.0511,−0.0266,−0.12,−0.234,−0.391,−0.148,0.585,0.701,0.635,0.578,0.555,0.507,0.455,0.453,0.427,0.714,0.526,1.29,1.37,0.485,−0.717,−1.18,−0.0416,−0.00208,−0.025,−0.123,−0.136,−0.048
Denmark,1.68,1.68,1.67,1.66,1.61,1.54,1.49,1.29,1.22,1.4,1.32,1.18,1.2,1.05,0.853,0.802,0.657,0.651,0.581,0.451,0.201,0.0575,0.061,0.0771,0.169,0.261,0.253,0.174,0.185,0.24,0.293,0.362,0.365,0.369,0.553,0.598,0.447,0.395,0.361,0.351,0.417,0.437,0.401,0.499,0.614,0.61,0.67,0.812,0.728,0.607,0.598,0.589,0.589,0.642,0.839,0.913,0.774,0.629,0.495,0.43,0.574,0.931,0.886
Dominican Republic,6.16,6.16,6.07,5.99,5.85,5.79,5.77,5.67,5.57,5.5,5.44,5.37,5.3,5.22,5.1,5.01,4.92,4.83,4.74,4.66,4.55,3.57,2.82,2.79,2.73,2.67,2.63,2.61,2.61,2.6,2.55,2.49,2.44,3.19,3.35,3.27,3.16,3.05,2.99,2.96,2.88,2.78,3.37,3.52,3.36,3.22,3.11,3.05,2.99,2.94,2.72,2.54,2.46,2.38,2.3,2.21,2.14,2.06,1.96,1.91,1.85,1.72,1.6
Algeria,5.9,5.83,5.79,5.81,5.59,4.93,2.67,2.7,2.7,2.68,2.68,2.72,2.77,2.84,3.95,4.97,4.69,4.94,5.04,5.15,5.24,5.3,5.33,5.32,5.27,5.14,4.77,4.38,4.19,4,3.88,3.91,3.85,3.64,3.47,3.34,3.21,2.92,2.76,2.75,2.69,2.62,2.59,2.64,2.68,2.73,2.83,2.96,3.01,3.01,2.98,2.98,2.97,2.96,2.95,2.91,2.86,2.74,2.61,2.45,2.33,2.27,2.16
Ecuador,4.54,4.57,4.43,4.36,4.37,4.38,4.38,4.38,4.36,4.34,4.31,4.28,4.24,4.25,5.01,4.94,4.87,4.8,4.74,4.69,4.63,4.56,4.33,4.18,4.1,4,3.9,3.8,3.71,3.65,3.28,3.03,2.94,2.84,2.79,2.76,2.71,2.67,2.62,2.57,2.56,2.27,2.09,2.07,2.05,2.04,2.03,2.02,2.02,1.99,1.9,1.81,1.71,1.65,1.65,1.67,1.74,1.95,1.95,1.46,1.08,1.12,1.22
Egypt,3.66,3.55,3.54,3.51,3.45,3.4,3.37,3.35,3.31,3.25,3.18,3.16,3.16,3.16,3.2,3.18,2.72,2.49,2.54,2.65,2.72,2.79,2.96,3.05,3.01,2.9,2.6,2.48,2.42,2.62,2.45,2.08,2,1.84,1.8,1.76,2.02,2.29,2.34,2.27,2.23,2.21,2.2,2.17,2.13,2.06,1.9,1.82,1.84,1.87,2.06,2.12,2.18,2.15,1.97,1.91,1.93,1.89,1.82,1.75,1.68,1.73,2
Eritrea,5.5,5.56,5.6,5.61,5.6,5.5,5.5,3.81,3.81,3.84,3.87,3.84,3.8,3.7,3.6,3.77,3.91,3.91,3.92,3.93,3.97,3.97,3.62,3.63,5.73,5.75,6,6.24,6.1,5.86,−2.17,−2.97,6.62,6.53,9.08,8.37,4.46,4.63,4.76,4.79,6.07,6.62,7.27,7.2,5.45,4.59,4.43,5.56,4.22,3.66,3.47,2.94,2.88,2.31,1.96,2.23,2.41,2.92,3.04,3.11,3.31,3.27,3.27
Spain,2.22,2.66,2.57,2.65,2.7,2.6,2.77,2.81,2.44,2.53,2.42,2.14,2.11,2.08,2.05,2,1.95,1.87,1.77,1.67,1.38,0.922,0.805,0.731,0.674,0.61,0.566,0.516,0.458,0.401,0.489,0.598,0.627,0.584,0.55,0.525,0.526,0.52,0.512,0.553,0.8,1.66,2.13,2.04,2,2,2.16,1.9,1.19,0.757,0.649,0.356,−0.0353,−0.00494,0.219,0.383,0.535,0.738,1.02,0.792,0.41,1.03,1.53
Estonia,2.44,2.65,2.66,2.7,2.59,2.29,1.98,2.09,2.19,2.09,2.06,1.94,1.76,1.65,1.56,1.47,1.48,1.42,1.09,0.911,1.01,1.02,0.987,0.952,0.963,1.04,1.07,0.912,0.433,−0.192,−0.762,−2.09,−2.84,−2.4,−2.05,−1.74,−1.41,−1.23,0.0216,0.232,−0.819,−0.816,−0.812,−0.782,−0.757,−0.776,−0.643,−0.455,−0.38,−0.417,−0.493,−0.345,−0.138,−0.0467,0.281,0.244,0.345,0.585,0.619,0.455,0.374,1.62,1.87
Ethiopia,5.76,5.83,5.87,5.93,5.97,5.89,5.9,4.72,4.69,4.71,4.67,4.62,4.59,4.51,4.38,4.45,3.84,3.61,3.4,2.45,4.41,5.78,4.69,4.51,4.76,4.91,5.36,5.85,5.77,5.63,6.26,6.12,5.43,5.39,4.86,4.59,4.48,4.42,4.4,4.34,4.29,4.32,4.28,4.25,4.22,4.2,4.29,5.31,5.23,5.23,5.22,5.17,4.98,4.93,4.92,4.94,4.94,4.9,4.89,4.9,4.86,4.8,4.77
Finland,2.55,2.16,2.16,1.98,1.73,1.74,1.88,1.76,1.23,0.879,1.4,1.89,1.83,1.76,1.65,1.48,1.42,1.4,1.34,1.37,1.54,1.72,1.72,1.62,1.47,1.32,1.22,1.2,1.24,1.3,1.14,0.918,0.834,0.777,0.722,0.649,0.596,0.561,0.524,0.496,0.453,0.406,0.402,0.452,0.503,0.543,0.583,0.623,0.634,0.865,1.11,1.1,0.795,0.472,0.388,0.346,0.293,0.199,0.185,0.227,0.3,0.371,0.607
Fiji,4.94,4.98,5.01,4.97,4.89,4.72,3.78,3.34,3.22,3.1,2.97,2.82,2.67,2.56,2.56,2.74,2.61,2.76,2.78,2.78,2.78,2.79,2.81,2.81,2.78,2.52,3.18,2.99,2.88,2.77,2.65,2.54,2.42,2.32,2.23,2.34,2,2.07,1.99,1.91,1.84,1.8,1.76,1.73,1.7,1.69,1.61,1.58,1.42,1.34,1.26,1.18,1.11,1.08,1.04,0.99,0.87,0.732,0.64,0.879,1.05,1.14,1.34
France,2.2,2.4,2.9,2.9,2.72,2.57,2.46,2.03,1.41,1.48,1.51,1.44,1.36,1.21,0.855,0.521,0.565,0.552,0.545,0.631,0.689,0.465,0.641,0.59,0.602,0.613,0.645,0.68,0.698,0.69,0.735,0.729,0.665,0.604,0.59,0.584,0.58,0.592,0.777,1.03,1.07,1.06,1.04,1.06,1.07,1.02,0.933,0.876,0.833,0.815,0.805,0.809,0.842,0.802,0.684,0.592,0.619,0.687,0.661,0.654,0.686,0.655,0.655
Faeroe Islands,4.74,4.81,4.83,4.84,4.91,4.27,2.53,2.44,2.4,2.49,2.78,2.85,2.81,2.8,2.76,2.7,2.67,1.35,1.04,1.02,1.01,0.975,0.85,0.779,0.972,0.652,0.956,1.11,0.998,0.0753,1.19,1.94,0.51,−1.67,−0.262,2.11,2.77,2.07,1.63,2.66,4.19,3.74,3.26,2.1,1.3,0.864,0.57,0.832,0.981,0.201,0.161,−0.186,0.241,0.709,1.3,1.48,1.77,1.97,1.93,1.9,1.84,1.65,1.46
"Micronesia, Fed. Sts.",4.61,4.61,4.32,4.04,4.06,4.12,4.05,4,4.05,4.1,3.91,3.71,3.74,3.29,2.98,2.82,2.89,3.24,3.56,3.54,2.93,2.74,2.69,2.65,2.6,2.56,2.5,2.09,1.69,1.63,1.58,1.72,1.88,1.6,−0.868,−1.97,−2.09,−2.16,−2.18,−1.53,0.287,0.0757,−0.147,−0.32,−0.461,−0.641,−0.8,−0.889,−0.93,−0.42,0.179,0.262,0.352,0.454,0.546,0.641,0.734,0.813,0.818,1.1,1.22,1.09,1.15
Gabon,6.37,7.89,7.85,7.8,7.74,7.69,7.63,7.57,7.71,7.8,8.38,8.17,7.97,7.83,7.69,7.57,7.42,7.28,7.12,6.96,6.79,5.06,5.01,4.96,4.9,4.84,4.78,4.93,4.82,4.71,4.61,4.5,4.39,3.88,3.75,3.67,3.62,3.59,3.57,3.58,3.58,3.6,3.61,3.65,3.72,3.81,3.89,3.95,4.03,4.13,4.2,4.21,4.12,3.92,3.65,3.36,3.13,2.98,2.89,2.78,2.67,2.59,2.52
Isle of Man,−0.458,0.924,1.38,1.39,1.36,1.6,1.65,1.91,1.93,1.96,1.52,0.226,0.0891,0.0318,−0.121,0.153,1.33,1.34,1.33,1.31,0.801,0.131,−0.0926,−0.165,−0.207,0.449,1.38,1.63,1.64,1.64,1.28,0.794,0.613,0.577,0.504,0.761,1.2,1.31,1.26,1.17,1.09,1.07,1.03,0.983,0.949,1.01,1.09,1.12,1.14,1.16,0.64,0.00911,−0.135,−0.169,−0.199,0.0366,0.391,0.48,0.462,0.435,0.386,0.398,0.434
UK,0.671,0.674,0.572,0.472,0.464,0.373,0.357,0.305,0.233,0.215,0.305,0.553,0.404,0.274,0.201,0.182,0.174,0.209,0.293,0.321,0.171,−0.0982,−0.0296,0.0958,0.163,0.168,0.149,0.158,0.196,0.235,0.273,0.347,0.316,0.333,0.341,0.331,0.333,0.368,0.409,0.434,0.512,0.798,0.834,0.934,1.05,1.09,1.13,1.13,1.1,1.12,1.11,1.02,0.993,1.06,1.11,1.07,0.989,0.912,0.868,0.665,0.214,1.43,1.11
Georgia,2.71,2.64,2.59,2.52,2.41,2.23,2.05,1.97,1.99,1.98,2.01,1.97,1.83,1.81,1.67,1.65,1.6,1.49,1.52,1.49,1.46,1.49,1.52,1.49,1.5,1.51,1.44,1.6,0.388,−0.46,0.268,0.336,0.33,−1.98,−4.2,−4.08,−3.66,−2.93,−2.51,−2.4,−2.01,−0.815,0.0637,0.113,0.0893,0.151,0.193,0.404,−0.188,−0.0338,−0.113,−0.0522,0.375,0.719,0.823,0.735,0.692,0.647,0.52,0.767,0.323,0.812,0.791
Ghana,5.17,4.72,4.67,4.65,4.65,4.64,4.63,4.63,4.68,4.36,3.51,3.56,3.63,3.64,3.63,3.61,3.68,3.76,3.78,3.65,3.53,3.62,3.73,3.73,4.26,4.29,4.36,4.45,4.52,4.55,4.5,4.44,4.4,4.32,4.25,4.2,4.22,4.25,4.23,4.22,4.18,4.25,4.18,4.12,4.07,4.03,3.99,3.93,3.86,3.79,3.74,3.73,3.7,3.63,3.55,3.49,3.39,3.25,3.16,3.12,3.06,3,2.97
Gibraltar,0.151,1.47,2.47,2.44,2.39,2.34,2.31,2.23,2.1,1.95,1.44,0.994,0.901,0.789,0.704,0.653,0.588,0.515,0.452,0.349,0.226,0.0869,−0.111,−0.314,−0.458,−0.647,−0.822,−0.919,−1.07,−1.26,−1.12,−0.0744,0.712,0.622,0.505,0.401,0.345,0.246,0.152,0.0614,−0.188,0.627,1.58,1.55,1.55,1.47,1.38,1.35,1.34,1.37,1.31,1.16,1.17,1.25,1.15,1.39,1.73,1.76,1.82,1.89,1.88,2.02,2.27
Guinea,6.09,6.09,6.09,6.09,6.08,6.09,6.09,6.08,6.04,5.96,5.87,5.77,5.67,5.6,5.52,5.46,5.4,5.4,5.43,5.5,5.56,5.66,4.67,3.26,3.39,3.51,3.6,3.64,3.62,4.48,5.02,4.21,4.05,4,3.79,3.83,3,2.78,3.13,2.85,2.2,2.44,3.12,3.02,2.87,2.96,3.18,3.28,3.3,3.32,3.33,3.3,3.29,3.32,3.4,3.47,3.49,3.51,3.55,3.57,3.56,3.56,3.56
Gambia,4.34,4.35,5.3,8.87,8.8,8.73,8.7,8.69,8.62,8.57,8.53,8.5,7.99,6.09,6.09,6.15,6.22,6.28,6.33,6.4,6.39,6.43,6.62,7.01,7.06,7.08,7.09,7.09,7.08,7.07,7.03,6.84,6.26,5.33,5.05,4.94,4.85,4.78,4.72,4.65,4.58,4.53,4.43,4.17,4.2,4.25,4.28,4.26,4.23,4.22,4.21,4.22,4.17,4.06,3.92,3.79,3.66,3.52,3.43,3.41,3.39,3.31,3.27
Guinea-Bissau,1.92,2.25,1.91,0.0826,−1.26,−0.35,1.43,2.66,1.65,1.54,1.37,1.12,2.1,4.46,7.01,7.48,7.67,7.55,5.38,7.13,7.45,7.4,7.32,7.24,7.13,7.05,6.96,6.89,6.8,6.69,7.07,5.63,4.39,4.18,3.6,3.16,2.97,2.92,2.95,3.06,3.17,3.24,3.29,3.33,3.36,3.42,3.49,3.52,3.53,3.57,3.61,3.64,3.64,3.6,3.54,3.48,3.4,3.34,3.3,3.24,3.19,3.19,3.18
Equatorial Guinea,4.22,2.28,2.35,2.41,2.47,2.53,2.59,2.57,1.48,−0.195,−1.19,−1.73,−2.01,−2.12,−2.09,−2.08,−1.19,0.247,1.52,3.43,5.27,6.4,6.7,9.13,8.6,7.92,7.32,6.96,6.76,6.64,6.56,6.51,6.45,6.44,7.96,7.91,7.83,7.76,7.67,8.88,9.89,9.59,9.31,9.09,8.14,7.32,7.28,7.23,7.15,7.02,6.66,6.29,4.78,4.68,4.55,4.4,4.24,4.09,3.94,3.38,3.06,3.12,3
Greece,1.71,2.15,1.9,1.86,1.93,2.17,2.21,2.02,1.7,1.54,1.57,1.42,1.21,1.12,1.68,2.28,2.01,2,1.94,1.67,1.48,0.894,0.859,0.773,0.66,0.601,0.604,0.631,0.787,1.32,1.44,0.934,0.757,0.668,0.635,0.607,0.658,0.72,0.548,0.573,0.79,0.9,0.764,0.767,0.804,0.803,0.751,0.755,0.744,0.602,0.319,−0.0787,−0.27,−0.219,−0.217,0.0201,0.231,0.221,0.311,0.196,−0.812,−0.862,0.0922
Grenada,1.96,1.7,1.46,1.2,0.917,0.666,0.549,0.617,0.73,0.747,0.453,0.345,0.147,−0.00937,−0.15,−0.291,−0.415,−0.525,−0.636,−0.788,−0.315,0.505,0.748,0.73,0.787,0.853,0.91,0.948,0.975,0.99,1.06,1.52,1.48,1.44,1.41,1.39,1.38,1.38,1.37,1.37,1.11,0.368,0.425,0.385,0.359,0.347,0.336,0.32,0.306,0.28,0.424,0.647,0.705,0.685,0.639,0.604,0.521,0.516,0.592,0.699,0.724,0.666,0.661
Greenland,5.78,6.42,6.46,5.68,6.49,5.42,5.39,5.44,5.23,5.04,2.65,2.63,1.76,1.34,0.522,0.519,−0.151,0.113,1.32,1.7,2.07,1.46,1.63,1.62,1.41,1.02,1.56,1.73,1.34,0.966,0.239,−0.027,0.072,0.789,0.785,0.424,0.335,0.331,0.153,0.33,0.572,0.758,0.571,0.55,0.378,0.0953,−0.0148,−0.036,0.347,1.38,0.414,0.383,−0.165,−0.029,−0.0207,0.424,0.262,0.0144,0.631,0.516,0.763,0.266,0.602
Guatemala,5.03,5.01,4.95,4.69,3.79,3.75,3.71,3.65,3.57,3.51,3.47,3.45,3.46,3.39,3.29,3.01,3.05,3.31,3.34,3.37,3.34,3.12,3.27,3.62,3.64,3.59,3.56,3.6,3.61,3.59,3.49,3.44,3.44,3.43,3.41,3.35,3.31,3.31,3.27,3.12,3.04,3.03,2.93,2.86,2.8,2.75,2.74,2.68,2.61,2.6,2.61,2.6,2.59,2.55,2.51,2.54,2.53,2.4,2.27,2.24,2.17,2.21,2.36
Guam,4.67,4.7,4.61,4.52,4.42,4.3,4.15,4.02,3.92,5.75,10.5,9.32,8.2,7.21,6.29,5.52,4.88,4.32,3.93,3.39,2.2,2.17,2.09,2.01,1.96,1.93,1.9,1.87,1.85,1.82,2.05,1.92,1.84,1.78,1.73,1.65,1.58,1.54,1.53,1.31,0.898,0.717,0.613,0.518,0.442,0.39,0.361,0.357,0.387,0.307,0.107,−0.0332,−0.128,−0.199,−0.262,−0.321,−0.367,−0.412,−0.454,0.3,1.05,0.962,0.879
Guyana,2.47,2.33,2.31,2.29,2.26,2.24,2.22,2.21,2.19,1.98,1.77,1.61,1.54,1.44,1.35,1.28,1.21,1.14,1.08,0.83,−0.033,−0.266,−0.404,−0.531,−0.643,−0.739,−0.82,−0.887,−0.936,−0.965,−0.576,−0.0286,0.103,0.0747,0.034,−0.0244,−0.0811,−0.129,−0.192,−0.26,−0.354,−0.416,−0.815,−0.952,−1.06,−1.12,−1.15,−1.17,−1.21,−1.26,−1.3,0.0183,0.499,0.612,0.704,0.781,0.855,3.21,2.33,0.34,1.4,1.22,1.09
"Hong Kong, China",1.81,4.57,3.77,2.74,2.95,1.2,2.83,2.42,1.89,2.72,2.51,2.41,3.29,3.62,2.34,1.68,1.85,2.2,5.84,3.03,2.69,1.87,1.83,1.28,1.36,2.66,3.74,2.33,1.83,0.747,1.15,0.987,1.74,2.25,1.98,4.44,0.833,0.835,0.955,0.882,0.737,0.443,−0.197,0.78,0.437,0.642,0.86,0.598,0.215,0.734,0.673,1.1,0.402,0.702,0.851,0.619,0.769,0.8,0.739,−0.359,−0.912,−0.908,2.55
Honduras,5.31,5.29,5.28,5.29,5.27,5.27,5.26,5.26,5.26,5.27,5.29,5.3,5.25,4.94,4.66,4.8,4.78,4.74,4.71,4.68,4.64,4.59,4.55,4.51,4.45,4.4,4.36,4.28,4.04,4.04,4.05,4.04,4.03,4.02,4.01,3.98,3.95,3.79,3.76,3.85,3.81,4.04,3.97,3.88,3.79,3.71,3.63,3.56,3.48,3.41,3.33,3.27,3.2,3.15,3.09,3.05,3,2.96,2.91,2.84,2.73,2.72,2.74
Croatia,3.55,3.75,3.7,3.61,3.57,3.57,3.48,3.4,3.32,3.16,2.82,2.05,2.03,2.03,2.03,2.07,2.04,1.97,1.78,1.57,1.52,1.22,1.24,1.19,1.16,1.13,1.09,1.03,0.944,0.9,−1.24,−2,0.982,1.56,−0.247,−0.933,−0.0508,0.372,0.00125,−0.555,−3.45,0.372,0.342,0.339,0.439,0.332,0.286,0.295,0.201,0.0782,−0.0429,−0.142,−0.263,−0.378,−0.78,−0.646,−1.14,−0.818,−0.476,−0.353,−0.341,−0.0161,0.714
Haiti,4.23,4.24,4.17,4.17,4.23,4.22,4.2,4.2,4.19,4.18,4.18,2.4,2.04,2.05,2.06,2.06,2.06,2.06,2.06,2.06,2.06,2.07,5.6,6.26,6.22,6.19,6.15,6.12,6.06,6.01,5.93,5.83,3.86,3.81,3.77,3.75,3.65,3.62,3.59,3.57,6.36,6.2,6.05,4.21,3.96,3.94,3.89,3.83,3.77,3.25,3.18,3.56,3.47,3.4,3.33,3.23,3.13,3.03,2.93,2.82,2.68,2.59,2.57
Hungary,1.21,1.07,1,1.05,1,1.02,1.08,1.09,1.12,1.08,0.994,0.999,1.01,1.13,1.27,1.22,1.13,0.999,0.829,0.53,0.288,0.222,0.13,0.0791,0.0951,0.104,0.106,0.12,−0.818,−0.991,−0.196,−0.231,−0.306,−0.33,−0.332,−0.365,−0.397,−0.428,−0.479,−0.456,−0.0824,0.349,0.339,0.398,0.51,0.64,0.628,0.596,0.603,0.431,0.363,−0.0561,0.119,0.122,0.15,0.0998,0.133,0.279,0.365,0.2,0.00654,−0.253,−0.114
Indonesia,4.39,4.39,4.41,4.44,4.1,3.94,4.17,4.27,4.32,4.3,4.26,5.17,5.41,5.34,5.28,5.23,5.16,5.14,5.1,5.05,5.51,5.72,5.65,5.57,5.43,5.28,5.16,5.09,5.01,4.91,5.08,5.12,5.02,4.96,4.88,4.81,4.72,4.62,4.49,4.36,3.23,3.17,3.12,3.04,3.02,3.04,3.01,2.97,2.91,2.84,2.63,2.62,2.56,2.48,2.4,2.33,2.26,2.18,2.12,2.01,1.84,1.86,1.94
India,3,3.4,3.37,3.37,3.27,3.16,3.16,3.16,3.12,3.23,3.38,3.83,3.87,3.92,3.97,3.96,3.96,3.89,3.91,3.96,3.72,3.31,3.32,3.32,3.3,3.28,3.24,3.21,3.2,3.16,3.07,2.93,2.89,2.84,2.8,2.78,2.75,2.72,2.68,2.66,2.77,2.97,2.89,2.86,2.77,2.7,2.64,2.57,2.57,2.57,2.53,2.51,2.49,2.44,2.4,2.42,2.41,2.37,2.33,2.28,2.15,2.13,2.25
Ireland,0.313,0.873,1.04,0.943,0.83,1.27,2.92,2.85,2.92,3.13,3.09,2.14,2.25,2.3,2.28,2.14,1.98,2.04,1.95,1.77,1.71,1.23,0.997,0.905,0.445,0.315,0.233,−0.207,−0.174,0.304,0.828,1.07,0.881,0.774,0.89,1.18,1.42,1.46,1.55,1.75,2,2.11,2.09,2.29,2.63,3.13,3.22,2.37,1.34,0.87,0.76,0.747,0.847,1.05,1.26,1.45,1.42,1.59,1.74,1.42,1.36,3.02,3.15
Iran,4.93,4.94,4.96,4.98,4.98,4.94,5.16,5.25,5.22,5.22,5.14,5.05,5.01,5.02,5.04,5,4.81,4.81,4.96,5.13,6.73,6.75,5.33,5.18,5.07,5.06,4.66,4.21,3.89,3.87,3.66,3.35,1.85,1.65,2.54,2.48,2.44,2.55,2.58,2.61,2.66,1.92,2.18,3.19,3.24,3.16,2.55,2.07,2.08,2.08,2.05,2.03,2.06,2.08,2.08,2.14,2.13,1.95,1.73,1.41,1.45,1.8,1.79
Iraq,5.94,6.42,6.69,6.59,6.5,5.77,5.46,5.44,5.4,5.39,5.32,5.26,5.22,5.12,5,4.92,4.93,4.58,4.26,4.18,4.01,3.8,3.94,4.07,3.33,3.37,3.63,2.4,2.4,0.978,0.788,2.69,4.54,4.5,3.08,2.92,2.82,3.12,3.31,3.36,3.2,3.24,3.09,2.93,3.04,0.81,−0.711,2.1,3.76,3.41,3.77,4.78,4.96,3.76,2.96,2.64,2.49,2.61,2.57,2.52,2.56,2.62,2.59
Iceland,2.57,2.46,2.37,2.36,2.3,2.24,2.15,1.89,1.43,1.02,1.24,1.89,1.92,1.76,1.67,1.38,1.12,1.14,1.33,1.41,1.45,1.64,1.62,1.35,1.07,1.01,1.36,1.83,1.49,1.03,1.36,1.45,1.21,1.06,0.728,0.722,0.996,1.25,1.37,1.51,1.47,1.03,0.829,1.01,1.71,2.48,2.66,1.98,0.465,−0.0766,0.319,0.546,0.981,1.15,1.08,1.43,2.39,2.72,2.24,1.67,1.69,2.56,2.98
Israel,4.77,5.81,4.63,4.87,4.37,3.39,5.14,2.88,3.36,4.05,3.85,3.2,4.56,3.48,2.77,2.7,2.69,2.55,3,2.82,2.39,2.27,2.18,1.43,1.89,1.67,1.74,1.77,1.81,3.21,6.13,3.57,2.77,2.7,2.78,2.7,2.57,2.36,2.62,2.71,2.43,2.08,1.87,1.84,1.83,1.84,1.84,1.84,2.46,1.9,1.92,1.92,1.94,2,2.06,2.04,2.03,2.02,2,1.86,1.78,2.06,2.16
Italy,1.5,1.51,1.55,1.64,1.64,1.57,1.5,1.4,1.33,1.28,1.21,1.01,0.988,0.962,0.904,0.805,0.728,0.657,0.589,0.504,0.415,0.147,0.00639,−0.00756,−0.00102,−0.0245,−0.0197,0.0184,0.045,0.0537,0.0393,0.122,0.151,0.11,0.0913,0.118,0.142,0.118,0.106,0.135,0.145,0.297,0.621,0.823,0.666,0.475,0.679,0.836,0.627,0.48,0.343,0.62,1.59,1.34,0.326,0.246,0.263,0.228,−0.731,−0.0597,−0.0844,0.233,0.406
Jamaica,3.54,3.52,3.51,3.49,3.39,3.27,3.18,3.12,3.1,3.01,2.63,2.73,2.79,2.75,2.64,2.54,2.43,2.36,2.36,2.41,2.47,2.48,1.82,1.75,1.57,1.35,1.18,1.1,1.1,1.17,1.31,1.47,1.51,1.5,1.48,1.44,1.39,1.32,1.24,1.16,1.09,0.994,0.961,0.943,0.907,0.87,0.824,0.786,0.764,0.769,0.78,0.805,0.807,0.79,0.769,0.745,0.715,0.687,0.67,0.845,0.849,0.678,0.67
Jordan,8.01,6.2,5.24,5.69,6.62,7.57,8.22,8.28,7.68,6.67,5.58,4.73,4.23,3.96,3.79,3.64,3.63,3.72,3.88,5.42,6.37,6.55,6.64,6.64,6.6,6.56,6.5,6.46,6.5,9.46,9.36,6.79,6.64,6.16,4.69,3.34,2.7,2.33,2.17,2.09,2.07,2.13,2.23,2.43,3.95,8.24,7.75,3.95,3.62,3.51,3.73,2.57,6.26,10.5,8.5,5,2.52,2.46,2.23,2.03,2.06,1.92,1.82
Japan,2.37,2.37,2.42,2.41,2.4,2.14,2.21,2.27,2.3,2.24,3.29,2.48,2.45,2.34,2.26,1.37,1.04,0.986,0.923,0.863,0.857,0.838,0.839,0.792,0.768,0.693,0.647,0.58,0.562,0.495,0.566,0.548,0.499,0.453,0.408,0.392,0.401,0.433,0.342,0.328,1.93,2.28,2.09,1.75,1.58,1.38,1.29,1.13,0.977,0.928,0.0974,−0.073,−0.0587,−0.0472,−0.0218,0.032,0.00338,−0.0384,−0.051,−0.203,−0.367,−0.348,−0.392
Kazakhstan,4.49,4.42,4.33,4.17,4.18,4.03,3.94,3.85,3.62,3.32,3.14,3.09,2.96,2.84,2.32,2.65,3,2.96,2.44,1.98,1.93,1.9,1.9,1.93,1.37,1.63,1.81,1.72,1.31,0.758,0.562,0.148,−0.498,−1.51,−1.82,−1.86,−2.26,−2.46,−1.16,0.422,0.609,0.649,0.707,0.78,0.871,0.975,1.08,1.16,1.3,1.42,1.48,1.53,1.56,1.59,1.62,1.66,1.68,1.65,1.65,1.64,1.59,1.76,1.79
Kenya,6.45,6.55,7.22,7.35,7.37,7.38,7.36,7.33,7.28,8.27,8.21,8.05,7.98,7.89,7.8,7.71,7.73,7.83,7.82,4.72,4.2,4.21,4.28,4.31,4.27,4.21,4.15,4.15,4.13,5.02,4.99,4.8,4.7,4.63,4.56,4.47,4.44,4.46,4.58,4.75,4.87,4.87,4.8,4.82,4.77,4.74,4.71,4.71,4.69,4.56,4.42,4.29,4.17,4.05,3.94,3.93,3.91,3.78,3.71,3.72,3.66,3.69,3.75
Kyrgyz Republic,4.74,4.34,4.34,4.28,4.02,4.08,3.95,3.87,3.6,2.9,2.47,2.54,2.48,2.58,2.48,2.37,2.3,2.21,1.99,1.7,1.74,1.84,1.95,1.88,1.74,1.76,1.77,1.63,1.67,1.17,0.873,0.385,−0.738,−0.813,0.222,0.698,0.676,0.746,0.91,1.18,0.943,0.916,1.04,1.21,1.12,1.07,0.948,0.945,1.32,1.49,1.57,2.08,2.45,2.53,2.64,2.68,2.63,2.75,2.9,2.77,2.62,2.64,2.67
Cambodia,2.28,2.63,3.75,3.65,3.66,3.66,11.6,11.5,11.4,9.63,15.6,16.1,15.6,14.6,−190,0.359,−0.589,−1.12,4.89,52.2,26.9,5.08,5.84,5.87,5.56,6.13,6.44,6,5.95,6.35,6.31,7.56,8.17,9.12,10.2,9.65,8.99,5.74,2.33,2.22,2.19,2.17,2.13,2.09,2.08,2.09,2.1,2.33,3.39,3.37,3.32,3.29,3.28,3.26,3.23,3.22,3.13,3,3.03,3.25,3.26,3.12,3.08
Kiribati,6.22,6.25,6.23,6.22,6.22,5.46,4.65,4.52,5.99,7.21,7.06,6.92,6.65,4.03,1.83,1.65,1.52,1.48,1.9,2.38,2.34,2.39,2.38,2.4,2.69,3.18,3.28,3.24,3.22,3.15,2.81,2.45,2.33,2.27,2.29,4.34,5.42,5.29,5.13,5.05,3.12,2.16,2.1,2.06,2.05,3.09,3.91,3.94,3.95,3.87,3.54,3.21,3.08,2.98,2.94,3.01,3.04,2.97,2.92,3.12,3.11,2.89,2.79
St. Kitts and Nevis,1.38,0.631,0.304,0.076,−0.139,−0.324,−0.504,−0.744,−1.18,−0.798,−0.388,0.125,0.164,0.184,0.21,0.222,0.222,0.182,0.078,−0.0455,−0.711,−0.75,−0.822,−0.889,−0.924,−0.974,−1.02,−1.06,−1.11,−1.17,−0.573,0.323,0.735,0.73,0.746,0.733,0.714,0.743,0.799,0.867,0.578,0.127,−0.107,−0.134,−0.181,−0.162,−0.155,−0.169,−0.271,−0.598,−0.362,−0.0753,−0.24,−0.213,−0.186,−0.152,−0.104,−0.0829,−0.0415,−0.0346,−0.0208,0.159,0.441
South Korea,5.89,6.07,5.95,5.74,5.62,5.55,7.09,7.54,7.32,7.09,5.73,5.21,5.01,4.87,4.76,5.05,5.03,4.88,4.75,4.67,4.49,4.34,4.16,3.81,3.44,3.74,3.77,3.61,3.46,3.31,2.51,2.16,2.1,2.05,2.02,1.49,1.25,1.03,1.01,1.13,1.17,1.03,0.957,0.829,0.635,0.75,0.631,0.884,0.639,0.622,0.753,0.438,0.367,0.54,0.438,0.309,0.209,0.38,0.312,0.118,−0.129,−0.172,0.113
Kuwait,11.8,11.8,11.6,11.2,10.9,11.2,10.9,10.6,10,8.93,7.6,7.06,6.85,6.79,7.11,7.98,7.82,7.48,7.01,6.46,6.03,5.65,5.45,4.82,4.32,4.06,4.01,3.92,3.82,−27.5,−22,19.1,2.26,−0.454,1.09,3.09,3.47,3.3,3.14,2.98,3.61,2.64,2.39,2.22,3.62,5.56,5.88,5.57,5.29,5.16,6.24,6.32,4.99,4.41,4.5,4.33,3.69,3.98,2.71,−0.951,−0.899,5.11,5.59
Lao,3.18,3.21,3.2,3.18,3.2,3.2,5.72,5.75,5.74,5.77,5.77,5.78,5.32,4.62,4.44,4.19,3.96,3.89,3.97,4.18,4.41,4.64,4.78,4.87,4.97,5.06,5.09,5.1,5.09,5.07,5.03,4.97,4.9,4.8,5.53,7.14,6.83,6.55,6.39,6.27,6.17,6.08,5.94,5.8,5.04,3.63,3.57,3.54,3.49,3.45,3.41,3.38,3.33,3.29,3.35,3.44,3.43,3.39,3.34,3.29,3.21,3.16,3.12
Lebanon,6.98,6.98,6.83,6.59,6.28,6.14,5.9,5.77,5.67,5.32,5.12,5.02,4.84,4.66,4.35,3.31,3.29,4.07,3.92,3.87,3.81,3.09,2.8,3.28,3.38,3.84,3.77,3.18,2.46,2.39,2.45,2.53,2.34,2.19,2.2,2.23,2.18,2.12,1.89,1.86,1.8,1.53,1.53,1.77,1.7,1.85,2.1,1.83,1.52,1.15,1.25,2.88,9.43,10.2,2.14,−2.15,−2.43,−2.71,−3.03,−1.42,0.464,0.65,0.694
Liberia,5.92,5.93,5.93,5.92,5.9,5.87,5.84,5.82,5.78,5.75,5.68,5.66,5.7,5.73,5.75,5.74,5.77,5.84,5.84,5.82,5.74,5.64,5.7,7.3,9.23,8.91,8.58,8.27,7.94,−7.61,−8.25,0.481,−1.71,−6.24,−5.48,−3.87,8.57,10.9,6.3,4.48,3.7,3.37,1.56,1.95,5.22,6.34,5.72,4.8,3.9,3.67,4.71,4.34,3.02,2.92,2.92,2.91,2.82,2.85,2.89,2.99,3.04,3.08,3.15
Libya,7.27,7.29,7.21,6.71,11.3,11.1,10.8,10.6,10.4,10.3,9.82,9.35,9.47,7.8,8.07,8.06,8.02,7.96,7.88,7.74,7.51,4.65,1.59,3.13,3.46,3.07,2.83,2.65,2.52,2.4,2.28,2.16,2.05,1.93,1.81,1.7,1.62,1.59,1.61,1.79,1.99,2.09,2.18,2.26,2.32,2.28,2.29,2.38,2.35,2.31,−2.12,−2.32,2.32,2.25,1.94,1.86,1.94,1.98,1.84,1.72,1.64,1.61,1.5
St. Lucia,2.07,2.17,2.15,2.12,2.1,2.07,2.13,2.24,2.25,2.32,2.41,2.42,2.45,2.51,2.55,2.57,2.55,2.52,2.48,2.52,2.58,2.59,2.59,2.62,2.64,2.6,2.5,2.32,2.11,1.97,1.96,0.801,0.79,0.798,0.884,0.794,0.71,0.67,0.6,0.507,−0.0727,−3.38,−3.5,−3.62,−3.71,−3.79,−3.89,−4,−4.04,−3.44,0.522,0.456,0.514,0.555,0.62,0.653,0.688,0.735,0.771,0.792,0.677,0.725,0.921
Liechtenstein,1.97,2.22,2.62,2.52,1.24,1.09,1.76,2.14,0.127,−0.817,1.68,2.37,2.86,2.83,1.61,0.82,1.53,2.32,2.1,−0.3,0.15,1.45,−0.0634,−0.233,0.275,0.526,0.356,0.605,0.519,0.681,0.982,0.912,1.04,0.756,0.494,−0.355,−1.19,−0.441,−0.121,−0.565,0.545,1.12,0.774,0.689,0.509,0.448,0.252,0.232,0.367,0.404,0.44,0.648,0.643,0.564,0.598,0.595,0.72,0.916,1.05,1.18,1.1,1.24,1.45
Sri Lanka,3.41,3.4,3.42,3.03,3.01,2.98,2.98,2.97,2.9,2.81,2.69,2.59,2.51,2.41,2.37,2.37,2.37,2.39,2.42,2.38,2.05,1.15,0.581,0.264,0.574,1.11,1.09,0.927,0.971,0.551,0.668,1.5,1.62,1.37,1.57,1.84,1.82,1.8,1.78,1.73,1.5,0.955,0.652,0.598,0.552,0.588,0.599,0.583,0.532,0.501,0.538,0.678,−2.79,1.04,1.13,1.43,1.5,1.55,1.2,1.22,1.86,0.989,0.316
Lesotho,15,15,14.9,14.8,14.7,13.6,8.55,8.62,8.56,8.51,8.45,8.22,7.92,7.89,7.87,6.76,3.42,3.37,3.41,3.44,3.43,3.42,3.4,3.39,3.35,3.83,6.24,6.13,6.01,5.87,5.72,5.57,5.39,5.2,5.05,4.64,3.48,3.17,2.92,2.68,2.47,2.3,2.1,1.87,1.63,2.12,2.52,2.77,2.79,2.83,2.93,2.55,2.62,2.66,2.69,2.73,2.75,2.73,2.7,2.72,2.69,2.64,2.67
Lithuania,4.07,3.82,3.62,3.59,3.52,3.48,3.42,3.3,3.05,3.13,3.57,3.51,3.32,3.21,3.09,3,2.9,2.79,2.24,1.76,1.86,1.96,2.04,2.04,2.04,2.12,2.17,2.17,1.33,0.281,0.0813,−0.196,−0.563,−0.782,−0.859,−0.85,−0.826,−0.814,−0.799,−0.793,−0.924,−0.939,−0.949,−1.26,−1.64,−1.49,−1.08,−0.922,−1.12,−2.22,−2.28,−1.16,−0.83,−0.678,−0.759,−1.07,−1.18,−0.713,−0.00496,0.308,0.511,1.41,1.73
Luxembourg,1.44,1.96,1.76,1.83,1.83,1.4,1,0.916,1.14,1.13,1.68,2.03,1.89,2.08,1.85,1.23,0.889,0.877,0.913,1.02,0.796,0.153,0.0961,0.172,0.263,0.518,0.716,0.795,1.04,1.32,1.57,1.82,1.75,2.12,1.9,1.28,1.2,1.38,2.02,2.26,1.93,1.58,1.73,1.93,2.02,2.07,2,2.23,2.28,2.24,2.63,2.79,2.67,2.7,2.69,2.47,2.73,2.21,2.23,1.92,1.76,2.24,2.23
Latvia,2.98,2.81,2.78,2.76,2.52,2.13,2.13,2.29,2.13,1.95,1.91,1.92,1.93,1.96,1.83,1.64,1.58,1.51,1.14,0.841,0.82,0.879,1,1.04,1.06,1.14,1.26,1.26,0.636,−0.0705,−0.544,−1.88,−2.05,−1.53,−1.65,−1.27,−1.07,−1.16,−1.15,−1.19,−1.46,−1.31,−1.04,−0.944,−0.933,−0.966,−0.915,−1.15,−1.68,−2.04,−1.78,−1.2,−1.03,−0.902,−0.777,−0.854,−0.807,−0.681,−0.578,−0.565,−0.688,−0.0976,0.0878
"Macao, China",0.0454,2.79,2.63,21.6,16.5,−0.822,−0.777,−0.784,−0.856,0.975,−3.78,−0.76,−0.742,−0.762,−0.826,−0.951,−0.994,−0.109,1.32,1.99,2.26,4.18,5.79,5.07,2.53,2.28,3.67,3.01,2.9,3.04,4.91,5.36,3.5,3.3,3.12,1.48,0.549,1.19,1.2,0.746,0.763,1.03,1.18,2.47,4.05,5.23,4.32,3.73,−1.06,0.373,2.32,3.28,4.14,4.91,3.35,1.48,−0.63,1.61,1.97,1.97,−0.424,−0.765,0.221
Morocco,4.26,4.31,4.25,4.15,4.21,4.27,4.28,4.26,4.22,4.2,4.14,4.4,4.36,4.32,4.29,4.25,4.27,4.31,4.31,4.36,4.37,4.33,4.26,4.14,3.99,3.77,3.56,3.47,3.38,3.31,3.21,3.12,3.03,2.92,2.29,2.17,2.13,2.11,2.08,2.02,1.98,1.93,1.87,1.88,2.31,2.38,2.36,2.34,2.32,2.33,2.33,2.29,2.23,2.15,2.08,2.1,2.09,1.98,1.89,1.88,1.84,1.83,1.83
Monaco,0.426,0.805,1.38,1.34,1.12,0.825,0.427,0.887,1.67,1.66,1.42,1.16,0.841,0.648,1.04,1.54,1.45,1.26,1.07,0.852,0.629,0.977,1.44,1.41,1.31,1.25,1.21,1.13,1.01,0.907,0.876,0.852,0.803,0.765,0.743,0.719,0.707,0.634,0.442,0.139,−0.0246,−0.0771,−0.148,−0.207,−0.301,−0.476,−0.689,−0.00314,1.64,2.44,2.33,2.23,2.1,1.9,1.73,1.4,1.07,1.26,−0.118,−0.155,1.25,1.04,0.0642
Moldova,5.5,5.36,5.18,4.99,4.84,4.75,4.65,4.57,4.5,3.98,3.44,3.45,3.47,3.5,3.5,3.49,3.45,3.41,3.09,2.82,2.84,2.8,2.81,2.82,2.81,2.85,2.85,2.79,1.5,0.0639,−0.0764,−0.222,−0.37,−0.513,−0.658,−0.403,−1.25,−0.924,−1.05,−1.1,−1.12,−1.14,−1.2,−1.17,−0.745,−0.35,−0.304,−0.263,−0.199,−0.173,−0.131,−0.0859,−0.0997,−0.134,−0.781,−1.11,−1.62,−1.59,−1.37,−0.811,−1.16,−2.21,−2.38
Madagascar,5.65,5.63,5.62,5.6,5.59,5.56,5.21,5.27,5.3,5.35,5.88,5.92,5.92,5.92,5.9,5.57,5.56,5.55,5.54,5.52,5.46,5.42,5.39,5.35,5.32,5.27,5.23,5.25,5.26,5.29,5.31,5.31,5.33,4.23,4.18,4.23,4.26,4.27,4.25,4.17,4.07,3.98,3.91,3.9,5.04,5.04,5.01,5,4.97,4.92,4.83,4.73,4.66,4.6,4.53,4.48,4.44,4.42,4.39,4.33,4.25,4.19,4.14
Maldives,2.95,3,3,2.97,3.84,3.57,3.14,4.68,4.53,4.66,10.7,10.7,10.5,10.4,10.3,10.2,10,7.73,5.61,5.69,5.71,5.67,5.57,5.62,5.32,3.8,3.8,3.65,3.5,3.31,2.83,2.62,2.37,2.15,2.5,3.63,3.44,3.27,3.11,3.73,5.75,5.69,5.61,5.53,5.46,5.44,4.49,4.7,4.69,4.67,4.64,4.58,4.48,4.44,4.56,4.58,4.41,4.26,4.12,3.97,3.82,2.58,1.4
Mexico,4.76,4.83,4.84,4.84,4.83,4.81,4.78,4.73,4.64,4.51,4.37,4.29,4.21,4.13,4.04,3.94,3.84,3.76,3.67,3.53,3.13,3,2.93,2.87,2.82,2.77,2.73,2.69,2.63,2.57,2.48,2.44,2.39,2.35,2.3,2.15,2.03,1.99,1.94,1.92,1.91,1.86,1.82,1.78,1.76,1.76,1.8,1.85,1.85,1.82,1.8,1.73,1.67,1.58,1.44,1.34,1.3,1.31,1.31,1.18,1.02,1.1,1.22
Marshall Islands,7.24,7.17,7.04,6.87,6.67,6.34,7.28,11.9,12.3,10.6,8.41,7.15,6.64,2.67,2.58,2.49,2.45,2.4,2.38,2.62,4.86,5.55,5.45,5.38,5.29,5.19,5.05,4.77,3.71,2.89,2.6,2.3,2.02,1.81,1.65,1.55,1.47,1.41,1.47,1.77,1.58,1.33,1.15,1.02,0.928,0.86,0.768,0.664,0.636,0.697,0.373,−0.326,−0.847,−1.18,−1.45,−1.71,−1.97,−2.19,−2.36,−2.51,−2.72,−2.71,−2.73
North Macedonia,4.84,4.65,4.59,4.86,4.78,4.78,4.76,4.74,4.7,4.62,4.06,2.73,2.71,2.69,2.69,2.68,2.61,2.55,2.51,2.47,2.34,1.79,1.43,1.34,1.3,1.27,1.26,1.26,1.21,1.11,0.394,−0.242,−0.378,0.135,−0.0528,0.351,−1.13,0.182,0.125,0.0991,0.0626,−1.09,−0.233,−0.687,−0.851,−0.811,−0.779,−0.734,−0.748,−0.688,−0.453,−0.334,−0.257,−0.103,−0.0515,−0.0508,−0.0816,−0.136,−0.258,−0.61,−0.511,0.269,0.396
Mali,4.1,4.09,4.08,4.07,4.07,4.06,4.06,4.09,4.1,4.12,4.13,4.16,4.24,4.28,4.28,4.27,4.41,4.58,4.62,4.7,4.73,4.73,4.76,4.7,4.53,4.37,4.13,3.6,3.7,3.8,3.81,3.83,3.88,3.94,3.95,3.93,4.02,4.46,5.34,5.45,5.51,5.59,5.63,5.67,5.67,5.66,5.64,5.61,5.55,5.49,5.43,5.07,5.02,5.22,5.14,5.13,5.1,4.99,4.84,4.79,4.79,4.7,4.62
Malta,−0.466,−0.483,−0.484,−0.473,−0.834,−1.2,−1.23,−1.2,−1.17,−0.534,0.0265,−0.0737,−0.0726,−0.0575,0.743,0.519,0.4,1.05,1.02,1.06,0.745,2.15,1.42,0.031,1.77,1.76,0.823,0.953,1.1,1.11,2.82,1.16,1.12,1.06,0.819,0.915,1.1,0.978,0.911,0.952,1.05,1.03,0.932,0.936,0.892,0.513,0.427,0.727,0.831,0.567,0.497,0.974,1.48,2.07,2.46,2.36,2.81,3.56,4,2.28,0.689,2.54,3.99
Myanmar,3.94,3.94,3.95,3.96,3.98,3.98,3.97,3.97,3.95,3.94,3.91,3.88,3.33,1.99,1.97,1.96,1.96,1.99,1.97,1.96,1.92,1.87,2.16,2.78,2.69,2.57,2.44,2.34,2.27,2.22,2.13,2.05,2.02,2.01,1.98,1.96,1.95,1.93,1.86,1.79,1.73,1.67,1.61,1.53,1.45,1.39,1.37,1.21,1.21,1.41,1.46,1.5,1.5,1.48,1.5,1.54,1.57,1.57,1.59,1.64,1.68,1.71,1.77
Montenegro,5.9,6,5.8,5.25,4.46,3.57,2.83,2.46,2.63,3.22,3.95,4.54,4.87,4.85,4.58,4.24,3.99,3.84,3.85,3.95,4.08,4.14,4.06,3.81,3.43,3.02,2.66,2.41,2.34,2.39,2.44,2.35,2.34,2.23,2.04,1.83,1.65,1.55,1.53,1.59,2.12,2.08,2.04,1.08,0.69,0.664,0.672,0.708,0.738,0.702,0.621,0.598,0.61,0.608,0.567,0.531,0.518,0.481,0.471,0.386,0.162,0.174,0.327
Mongolia,8.65,8.43,6.12,3.94,4.04,4.1,4.06,3.95,4,4.18,4.23,4.29,4.33,4.36,4.38,4.37,4.3,4.14,3.8,3.57,3.54,3.53,3.52,3.54,3.56,3.6,3.65,3.65,2.77,−1.29,3.04,0.034,−0.204,1.04,1.53,1.46,1.34,1.31,1.33,2.22,3.11,3.13,3.07,2.87,2.81,2.86,2.95,3.14,3.31,3.22,2.31,2,2.17,2.28,2.23,2.13,2.02,1.98,1.98,1.97,1.87,1.68,1.6
Northern Mariana Islands,5.86,5.95,6.09,6.04,5.93,5.81,3.67,1.94,−0.445,5.69,13.9,14.7,12.3,7.66,4.68,4.24,3.89,3.67,3.6,7.75,12.1,12.4,11.3,10.4,9.63,8.95,8.36,7.82,7.29,5.04,2.36,1.72,1.65,1.64,3.01,7.18,9.18,8.19,7.34,3.76,−0.454,−1.7,−1.96,−2.2,−2.42,−2.63,−2.82,−3,−3.16,−2.17,−0.81,−0.613,−0.807,−1.02,−1.19,−1.36,−1.52,−1.68,−1.85,−1.16,−1.06,−1.84,−1.95
Mozambique,4.42,4.68,4.7,4.74,4.77,4.79,4.81,4.84,4.86,4.92,5.83,6.69,6.87,7,7.12,7.23,7.4,7.6,7.59,6.54,8.59,8.96,8.77,8.59,8.38,8.17,6.72,6.05,6.93,7.44,3.88,3.85,5.07,8.65,7.86,5.15,4.58,3,2.86,2.82,2.84,2.86,2.87,2.89,2.92,2.96,2.98,4,4.19,4.27,4.36,4.44,4.44,4.44,4.43,4.45,4.49,4.47,4.43,4.45,4.44,4.42,4.42
Mauritania,10.4,10.4,10.4,10.4,10.4,10.4,10.4,10.4,10.3,10.2,10.1,10,9.89,9.78,9.65,9.53,8.87,8.26,8.16,8.08,7.99,7.9,7.79,7.69,7.57,7.46,7.34,6.14,2.2,2.22,2.61,3.51,3.73,3.08,2.42,1.66,1.91,2.28,2.35,2.46,3.84,4.42,4.47,4.5,4.54,4.59,4.65,4.9,5.11,5.15,5.17,5.16,4.99,4.82,4.76,4.69,4.63,4.57,4.5,4.41,4.33,4.33,4.32
Mauritius,2.62,4.84,4.59,4.37,4.16,3.99,3.83,3.7,3.58,3.48,3.38,3.29,0.989,1.02,1.07,1.11,1.12,0.799,1.23,1.17,0.968,0.706,0.403,1.79,1.56,1.5,1.48,1.42,1.49,1.43,0.799,1.03,0.903,1.12,0.576,0.738,0.967,0.768,0.984,0.695,0.53,0.431,0.46,0.362,0.329,0.2,0.191,0.0937,−0.00038,−0.0289,−0.107,0.00674,−0.0243,−0.0887,−0.138,−0.151,−0.0788,−0.0629,−0.0341,−0.0124,0.0622,−0.216,0.0221
Malawi,4.61,4.64,4.69,4.68,4.67,4.67,6.97,7.24,7.22,7.2,7.21,7.27,7.31,7.39,7.46,7.54,7.72,6.26,6.04,6.19,6.25,6.27,6.27,6.22,6.16,5.99,7.07,8.12,7.51,6.73,5.85,5.68,4.2,1.58,2.58,4.69,4.71,4.85,3.29,3,3.02,3.05,3.1,3.18,3.28,3.35,3.42,3.5,3.63,3.69,3.74,3.76,3.81,3.84,3.87,3.9,3.96,4,4.04,4.1,4.12,4.17,4.23
Malaysia,4.97,4.98,4.96,4.93,4.85,4.77,4.63,4.51,4.47,4.49,4.79,4.8,4.76,4.73,4.7,4.67,4.64,4.61,4.58,4.91,4.95,4.96,4.98,4.99,4.99,4.96,4.88,4.78,4.64,4.53,4.37,5.07,5.03,4.95,4.88,4.8,4.69,4.59,4.46,4.36,3.92,3.89,3.8,3.71,3.63,3.55,3.46,3.35,3.21,3.06,2.73,2.63,2.61,2.6,2.59,2.61,2.57,2.48,2.34,2.05,1.84,1.86,1.87
Namibia,4.29,4.32,4.45,4.56,4.65,4.74,4.86,4.93,4.99,4.91,4.14,4.19,4.18,4.2,4.26,4.03,3.84,2.88,2.79,3.07,2.27,2.78,3.63,3.68,3.82,4.03,4.16,4.48,7.3,7,4.28,4.66,4.89,4.8,4.59,4.38,4.25,4.19,4.12,3.98,3.7,4.36,4.2,4,3.93,3.91,3.93,3.96,3.98,4.02,4.14,4.67,5.01,4.98,4.97,4.93,4.89,4.85,4.8,4.83,4.8,4.55,4.22
New Caledonia,7.06,7.01,6.7,6.34,6.17,6.11,6.06,5.97,5.89,5.75,6.15,6.13,6.08,6.02,5.9,4.59,2.44,1.92,1.86,1.81,1.75,1.69,1.87,1.91,1.93,1.9,1.93,1.96,2.32,2.78,2.91,2.87,2.78,2.7,2.64,2.61,2.78,2.71,2.66,2.65,2.62,2.54,2.46,2.31,2.43,2.33,2.3,2.24,2.33,2.39,2.57,2.57,2.56,2.24,1.34,0.725,0.664,0.604,0.617,0.781,0.932,1.22,1.5
Niger,4.66,4.65,7.13,7.11,7.05,7.01,8.18,8.13,8.07,8.03,7.95,7.92,7.9,7.88,7.87,7.88,7.88,5.8,4.53,4.56,4.56,4.53,4.53,4.52,4.53,4.56,4.57,4.46,3.57,3.59,3.63,3.63,3.68,3.73,3.83,3.86,3.84,3.9,3.96,3.98,3.96,3.5,3.54,3.57,3.6,3.63,3.66,3.67,3.69,3.7,3.69,3.75,3.73,3.76,3.87,3.94,3.93,3.91,3.93,3.96,4,4.1,4.24
Nigeria,3.49,3.53,3.56,3.57,3.59,3.6,3.55,3.57,3.62,3.68,4.51,4.56,4.64,4.77,4.9,5,5.09,5.16,5.17,5.2,6.22,6.11,5.68,5.62,5.85,5.71,5.63,5.61,5.59,5.57,4.3,4.27,4.28,4.26,4.25,4.22,4.19,4.18,4.2,4.22,5.07,5.07,5.05,5.04,5,4.96,4.94,4.92,4.89,4.87,4.82,4.74,4.62,4.5,4.34,4.22,4.13,3.96,3.8,3.68,3.6,3.55,3.51
Nicaragua,4.12,4.12,4.3,5.08,5.08,5.08,5.08,5.07,5.03,5,4.71,3.49,3.48,3.65,3.63,3.61,3.57,3.45,3.26,3.3,3.38,3.29,3.17,3.03,2.92,2.88,2.83,2.83,2.87,2.86,2.83,2.78,2.71,2.63,2.5,2.13,1.94,1.8,1.7,1.65,1.56,1.48,1.45,1.45,1.58,1.78,1.78,1.78,1.77,1.76,1.76,1.75,1.73,1.71,1.7,1.68,1.69,1.7,1.7,1.68,1.65,1.75,1.86
Netherlands,1.76,1.73,1.65,1.64,1.67,1.61,1.43,1.34,1.45,1.53,1.59,1.53,1.34,1.29,1.39,1.28,1.09,1.1,1.18,1.27,1.24,1.08,0.996,1.01,1.07,1.15,1.22,1.23,1.17,1.26,1.72,2.04,1.94,1.81,1.66,1.6,1.61,1.68,1.7,1.72,2.09,2.27,2.01,1.8,1.59,1.37,1.29,1.4,1.55,1.49,1.32,1.17,0.969,0.922,0.98,1.04,1.08,1.04,1.08,0.947,0.887,1.29,1.31
Curaçao,1.56,2.31,2.4,2.23,2.07,1.53,1.54,2.02,2.08,1.96,2.26,0.657,−0.111,1.4,0.94,0.592,0.444,−0.354,0.0606,0.512,0.774,1.36,1.07,0.875,0.858,0.314,−0.453,−1.13,−1.24,−0.728,−0.371,0.243,1.18,1.09,1.17,1.57,1.17,−1.02,−2.91,−3.46,−3.38,−0.00596,1.93,1.59,2.42,2.43,1.84,1.12,0.51,1.12,1.28,0.695,1.01,1.24,1.22,0.971,0.242,−0.59,−1.25,−1.64,−1.71,−1.58,−1.44
Norway,2.93,4,3.84,3.73,3.64,3.56,3.49,3.39,3.26,3.07,1.97,1.51,1.43,1.34,1.26,1.17,1.11,1.06,1.01,0.981,0.687,0.552,0.516,0.466,0.482,0.539,0.65,0.718,0.593,0.522,0.905,1.13,1.14,1.1,0.973,0.879,1.1,1.33,1.4,1.24,0.976,1,1.04,0.999,1.04,1.16,1.4,1.62,1.63,1.61,1.74,1.84,1.72,1.63,1.49,1.37,1.28,1.12,1.12,1.02,0.954,1.31,1.53
Nepal,4.49,3.09,3.09,3.14,3.18,3.23,3.25,3.3,3.3,3.33,3.41,6.88,6.86,6.87,6.87,6.86,6.89,6.95,6.96,6.98,6.92,6.03,6.05,6.02,5.92,5.85,5.76,5.74,5.84,6.02,6.2,7.11,6.99,6.75,6.62,6.41,6.25,6.12,6,5.85,5.64,3.6,3.48,3.33,3.17,3.01,2.88,2.78,2.7,2.63,2.45,2.28,2.22,2.34,2.59,2.53,2.26,2.31,3.25,4,3.82,2.9,2.02
Nauru,3.56,4.2,4.84,5.38,5.59,3.55,1.51,3.1,3.92,1.94,0.772,0.737,0.79,0.827,0.92,1.1,1.39,1.87,2.3,2.39,2.45,2.53,2.17,1.94,2.06,2.21,2.31,2.42,2.43,2.44,2.34,1.72,0.805,0.346,0.276,0.177,0.137,0.00981,−0.108,−0.187,−0.374,−0.475,−0.228,0.00994,−0.109,−0.149,−0.14,−0.11,0.0699,0.269,0.546,1.66,2.41,2.12,1.95,1.77,1.55,1.34,0.954,0.482,0.565,0.783,0.625
New Zealand,2.69,3.33,2.76,2.85,2.38,2.46,2.33,1.41,1.41,1.87,1.97,2.17,2.35,2.47,2.33,1.19,0.432,0.153,−0.273,0.245,0.484,1.04,1.41,0.914,0.666,0.103,1.15,0.563,0.762,1.2,5.09,1.22,1.32,1.51,1.64,1.75,1.41,0.98,0.619,0.681,0.681,1.81,2.04,1.56,1.2,1.29,0.863,0.779,0.93,1.04,0.693,0.619,0.838,1.73,2.11,2.31,2.17,1.87,1.68,2.3,0.517,0.225,2.16
Oman,8.1,8.13,8.14,8.18,8.17,8.19,8.18,8.18,8.14,8.11,8.07,8.02,7.96,8.45,8.98,9.17,9.38,9.5,9.51,9.44,9.38,9.35,9.2,8.96,9.4,9.64,9.08,8.61,8.16,7.76,7.37,6.99,6.49,3.83,1.82,1.67,1.53,1.41,1.33,1.26,1.2,1.13,1.11,2.16,3.06,2.99,2.94,2.92,2.92,3.39,12.3,16,9.46,5.89,5.95,6.21,4.56,2.49,0.919,−0.538,0.397,5.79,7.27
Pakistan,4.4,3.7,3.74,3.8,3.83,3.87,3.91,3.93,3.94,3.95,3.83,3.83,4.16,4.23,4.27,4.34,4.41,4.47,4.72,5.34,5.29,4.6,4.3,3.97,4,4.21,4.23,4.19,4.09,4.16,4.12,3.67,3.58,3.7,3.69,3.71,3.62,3.49,3.33,3.43,3.39,3.05,2.95,3.06,3,2.97,3.23,3.27,3.13,3.06,2.82,2.49,2.2,2.08,1.98,1.88,1.99,2.24,2.35,2.5,2.62,2.52,2.36
Panama,4.42,4.53,4.54,4.52,4.47,4.43,4.38,4.31,4.26,4.1,3.39,3.35,3.29,3.23,3.17,3.11,3.04,2.99,2.95,2.95,3.04,3.03,3.01,3,2.95,2.91,2.87,2.83,2.78,2.89,3.69,3.64,3.59,3.55,3.5,3.45,3.41,3.37,3.32,3.17,2.43,2.4,2.39,2.37,2.35,2.31,2.29,2.27,2.25,2.23,2.23,2.23,2.21,2.21,2.22,2.22,2.22,2.18,2.11,1.89,1.73,1.8,1.84
Peru,4.16,5.24,5.18,5.12,5.05,4.98,4.91,4.85,4.77,4.44,4.35,4.43,3.66,3.59,3.53,3.49,3.47,3.48,3.47,3.45,3.43,3.14,3.13,3.11,3.06,2.97,2.89,2.87,2.84,2.8,2.69,2.61,2.58,2.59,2.55,2.48,2.44,2.4,2.3,2.12,1.92,1.74,1.6,1.51,1.41,1.31,1.23,0.986,0.865,0.9,0.991,1.08,1.14,1.23,1.37,1.57,1.71,2.05,1.96,1.45,1.22,1.22,1.37
Philippines,4.03,4.03,3.99,3.95,3.9,3.83,3.77,3.73,3.66,3.52,3.9,3.82,3.74,3.67,3.69,3.53,3.66,3.67,3.65,3.84,5.08,5.21,5.32,5.26,5.05,4.85,4.88,4.89,4.69,4.31,2.22,2.19,2.22,2,2.01,2.12,2.17,2.33,2.37,2.2,2.02,1.84,1.8,1.76,1.67,1.5,1.55,1.58,1.62,1.96,2.38,2.36,2.3,2.06,1.89,1.75,1.73,1.72,1.73,1.69,1.49,1.37,1.45
Palau,2.92,2.98,2.96,3.01,2.94,2.92,2.17,1.32,1.2,2.32,3.87,4.1,3.37,1.54,0.207,0.0129,−0.129,−0.22,−0.39,−0.0781,2.43,3.92,3.97,4.01,4.05,3.62,2.7,2.65,2.53,2.59,2.83,2.91,2.89,2.91,3.02,2.45,2.21,1.93,1.67,1.1,0.554,0.427,0.447,1.93,1.08,−0.0922,−0.462,−0.522,−0.618,−0.738,−0.817,−0.846,0.214,1.22,1.14,0.939,0.824,0.726,0.581,0.606,0.561,0.448,0.363
Papua New Guinea,10.2,10,9.92,9.85,9.76,9.81,15.1,15,14.9,14.8,14.7,4.37,4.15,4.09,4.03,4,3.95,3.93,3.88,3.85,3.55,3.48,3.49,3.51,3.52,3.54,3.54,3.53,3.62,3.97,1.97,2.27,2.37,2.35,2.32,2.29,2.28,2.23,2.19,2.16,3.23,3.22,3.18,3.13,3.09,3.05,3.01,2.97,2.93,2.88,2.77,2.65,2.67,2.7,2.73,2.76,2.79,2.83,2.87,2.84,2.82,2.81,2.84
Poland,2.41,1.96,2.14,2.19,1.78,1.54,1.75,1.74,1.56,1.12,1.4,2.06,2.13,2.16,2.18,2.16,2.11,1.93,1.66,1.57,1.55,1.55,1.57,1.53,1.42,1.29,1.17,1.02,0.659,0.466,0.428,0.378,0.328,0.284,0.207,0.149,0.139,0.107,0.0647,−0.973,0.0453,−0.00423,−0.247,−0.24,−0.226,−0.244,−0.237,−0.171,−0.116,−0.469,−0.13,−0.208,−0.267,−0.283,−0.274,−0.209,−0.109,−0.0784,−0.0594,−0.165,−2.4,−0.335,−0.226
Puerto Rico,4.82,5.08,5.1,4.8,4.3,3.86,3.38,3.14,3.26,3.42,3.15,3.48,3.62,3.52,3.25,3.02,2.8,2.62,2.5,3.66,6.78,6.01,5.31,4.7,4.15,3.67,3.25,2.88,2.56,2,0.884,0.818,1.01,1.09,1.08,1.28,1.08,0.725,0.646,0.371,0.157,0.0706,0.0053,−0.039,−0.204,−0.483,−0.646,−0.647,−0.607,−0.569,−1.21,−1.26,−1.19,−1.67,−1.79,−1.96,−2.43,−4.06,0.0085,2.72,−0.565,−1.29,−0.423
North Korea,4.64,4.58,4.75,4.8,4.74,4.79,4.97,6.9,7.92,7.61,3.52,3.47,3.22,2.85,2.65,1.66,1.51,1.45,1.46,1.47,1.7,1.74,1.73,1.72,1.72,1.73,1.72,1.72,1.71,1.72,1.74,1.75,1.72,1.63,1.36,1.13,1.07,0.998,0.928,0.845,0.762,0.671,0.74,0.813,0.712,0.656,0.626,0.609,0.716,0.739,0.739,0.751,0.762,0.775,0.779,0.796,0.8,0.796,0.789,0.775,0.785,0.803,0.794
Portugal,1.91,1.79,1.46,1.11,0.637,0.282,0.397,0.601,0.12,0.124,0.584,0.846,1.02,2.38,4.78,3.82,2.03,2.04,2.03,2.03,1.88,1.8,1.64,1.55,1.43,1.24,1.11,1.02,0.966,0.882,0.919,1.28,1.45,1.59,1.65,1.66,1.71,1.75,1.8,1.92,1.88,1.67,1.48,1.33,1.26,1.24,1.24,1.18,1.11,1.05,0.839,0.564,0.4,0.393,0.5,0.581,0.635,0.701,0.868,0.932,1.44,1.49,2.15
Paraguay,2.59,2.63,2.85,2.95,2.93,2.89,2.83,2.77,2.73,2.69,2.7,2.77,3.8,3.88,3.86,3.83,3.82,3.84,3.87,3.95,4.03,4.08,4.49,4.49,4.47,4.46,4.43,4.39,4.33,4.25,4.17,4.1,3.84,3.72,3.64,3.55,3.46,3.37,3.26,3.09,2.83,2.54,1.89,1.73,1.68,1.61,1.54,1.53,1.57,1.72,1.87,1.95,1.92,1.91,1.92,1.9,1.87,1.85,1.83,1.84,1.71,1.65,1.76
Palestine,,,,,,,,,,,,,,,,,,,,,,,,,,,,,,,5.23,5.22,5.2,5.19,5.18,5.17,5.16,3.03,2.87,2.86,2.86,2.86,2.86,2.85,2.85,2.85,2.85,3.04,2.96,2.9,2.84,2.79,2.73,2.68,2.63,2.59,2.34,2.89,2.87,2.85,2.83,2.8,2.77
French Polynesia,4.27,4.27,5.54,6.4,6.32,6.25,6.19,6.15,6.1,6.03,5.26,4.2,4.14,4.07,3.97,3.86,3.69,3.02,3.09,3.09,3.07,3.04,2.92,2.55,2.34,2.37,2.36,2.27,1.88,1.63,1.51,1.4,1.29,1.2,1.1,1.07,1.41,1.49,1.44,1.43,1.41,1.35,2.18,2.63,2.52,2.44,2.21,1.71,1.38,1.37,1.37,1.43,0.802,0.683,0.615,0.554,0.406,−0.0162,−0.178,0.189,0.355,0.376,0.453
Qatar,10.2,12.2,12.6,12.4,12.2,12.3,12.4,12.2,11.9,12.4,12.4,11,10,9.24,8.58,8.03,7.56,7.16,6.83,6.62,6.37,6.11,5.83,5.53,5.22,4.74,4.47,4.2,4.06,3.94,3.82,3.71,3.59,3.47,3.34,3.19,4.3,5.55,5.59,5.38,5.18,4.98,4.78,4,6.83,16.7,22,16.8,12.2,0.659,0.592,5.93,10.8,11.7,8.66,5.57,2.8,1.42,2.27,5.77,−10.9,5.95,−0.0127
Romania,2.79,2.62,2.59,2.57,2.49,2.67,2.92,2.61,2.3,2.44,2.27,2.18,2.06,2.12,2.44,2.38,2.33,2.49,2.21,2.08,2.19,2.06,1.87,1.83,1.86,1.89,1.9,1.86,1.82,1.52,0.462,−0.354,−0.419,−0.427,−0.486,−0.573,−0.574,−0.492,−0.444,−0.42,−1.68,−1.97,−0.471,−0.323,−0.371,−0.346,−1.23,−1.42,−0.589,−0.35,−0.249,−0.419,−0.44,−0.443,−0.494,−0.55,−0.511,−0.473,−0.368,−0.348,−0.497,−0.0913,0.393
Russia,2.76,2.73,2.7,2.67,2.63,2.06,2.03,2,1.97,1.91,1.86,1.83,1.8,1.77,1.75,1.85,1.82,1.8,1.58,1.35,1.3,1.25,1.21,1.36,1.37,1.3,1.27,1.22,0.883,0.163,0.28,0.0915,−0.0589,−0.0411,−0.0271,−0.152,−0.171,−0.171,−0.316,−0.426,−0.43,−0.467,−0.41,−0.341,−0.32,−0.266,−0.11,0.0172,0.0899,0.106,0.179,0.332,0.395,0.417,0.414,0.413,0.364,0.262,0.245,0.0804,−0.103,−0.0969,−0.0127
Rwanda,4.81,4.61,4.31,4.38,4.65,4.89,5.07,5.18,5.12,5.1,7.3,7.43,7.42,7.45,7.47,7.46,7.44,7.45,4.77,4.49,4.57,4.67,4.71,4.74,4.75,4.72,4.65,4.56,4.42,3.99,3.41,15.6,18.9,−1.2,−3.26,31.3,23.7,10.2,6.82,6.76,6.76,7.17,2.95,2.67,2.68,2.7,2.68,2.65,2.61,2.55,2.48,2.42,2.43,2.54,2.61,2.68,2.75,2.82,2.87,2.93,2.97,3.06,3.16
Saudi Arabia,7.2,7.15,8.04,8.88,8.73,8.59,8.5,8.45,8.4,8.39,8.5,8.67,8.74,8.73,8.1,7.99,8.08,8.13,8.13,8.1,8.11,8.15,8.05,7.82,7.52,7.4,6.58,6.23,5.93,5.79,5.6,5.41,4.86,4.59,4.45,4.3,4.16,4.03,3.91,4.75,5.49,5.26,5.06,4.87,4.71,4.56,4.42,4.3,4.18,−0.728,4.8,4.47,5.68,2.72,5.45,4.01,0.339,−2.29,−0.176,5.1,−2.2,4.68,3.59
Sudan,7.61,7.63,7.67,7.7,7.69,7.68,7.67,7.66,7.62,7.62,7.58,7.53,7.41,5.04,4.56,4.58,4.53,5,5.16,5.25,5.18,4.93,5.86,6.94,6.43,6.45,6.52,6.5,6.41,6.32,6.23,6.16,5.47,2.68,2.74,2.4,2.39,2.69,2.67,2.66,2.65,2.63,2.42,2.35,2.45,2.47,2.54,2.75,3,2.71,2.39,2.56,2.79,3.25,3.65,3.71,4.19,4.28,3.78,3.59,3.65,3.72,2.39
Senegal,5.58,5.57,5.54,5.54,5.55,5.57,5.59,5.58,5.55,5.53,5.36,5.34,5.3,5.21,5.04,4.62,3.44,3.34,3.39,3.46,3.54,3.6,3.66,3.7,3.75,3.83,3.86,3.79,3.24,3.23,3.21,3.16,3.11,3.04,2.92,2.8,2.72,2.69,2.73,2.77,2.78,2.8,3.12,3.34,3.32,3.31,3.29,3.3,3.32,3.34,3.47,3.61,3.89,4.09,4,3.92,3.84,3.76,3.69,3.61,3.53,3.46,3.39
Singapore,3.34,2.77,2.53,2.56,2.43,2.49,2.21,1.72,1.5,1.55,1.83,1.85,1.87,1.66,1.46,1.35,1.39,1.21,1.26,1.27,4.81,4.39,1.3,1.89,0.137,−0.0945,1.5,2.54,2.94,3.89,2.85,3,2.53,3.14,3.04,4.06,3.36,3.4,0.799,1.73,2.7,0.913,−1.47,1.25,2.35,3.13,4.17,5.32,3.02,1.77,2.08,2.45,1.62,1.3,1.19,1.3,0.0886,0.47,1.14,−0.312,−4.17,3.31,4.86
Solomon Islands,6.86,6.85,6.86,6.86,6.85,6.84,6.87,6.92,6.92,5.16,2.73,2.85,3.01,3.21,3.34,4.75,6.74,6.78,6.79,6.77,6.74,6.7,6.65,6.61,6.55,6.47,5.34,4.63,4.57,4.52,4.46,4.41,4.36,4.34,4.3,4.28,4.24,4.18,4.06,4.31,4.37,4.3,4.24,4.19,4.15,4.11,4.08,4.06,4.15,5.14,5.95,5.9,5.84,5.76,5.68,5.58,5.46,5.33,4.57,4.1,4.24,4.19,4.15
Sierra Leone,4.7,4.74,4.85,5.12,5.14,5.15,5.15,5.15,5.1,5.08,5.01,4.96,4.93,4.9,4,3.28,3.31,3.38,3.4,3.43,3.45,3.47,3.54,3.59,3.61,3.46,3.39,3.41,3.2,4.66,1.87,−1.2,0.473,1.08,0.836,1.17,1.97,1.67,1.2,3.1,6.58,6.44,4.74,4.05,3.57,3.24,3.23,3.52,3.71,3.73,3.61,3.53,3.45,3.37,3.3,3.33,3.37,3.35,3.34,3.34,3.32,3.28,3.26
El Salvador,3.23,2.98,2.92,2.97,3.04,3.08,3.08,3.04,2.97,2.81,2.66,3.6,3.59,3.53,3.45,3.37,3.34,3.33,3.12,2.5,1.82,2.28,2.95,3.04,3.11,3.09,3.07,3.09,3.04,2.94,2.8,2.67,3.49,3.42,3.24,3.09,2.94,2.83,1.52,1.44,1.35,1.23,1.11,0.999,0.897,0.816,1.06,1.75,1.71,1.69,1.68,1.68,1.66,1.62,1.53,1.42,1.3,1.14,1.04,1.15,1.25,1.26,1.3
San Marino,4.61,4.58,4.56,4.45,3.94,3.24,2.88,2.87,2.77,2.57,5.45,5.79,4.64,3.53,3.17,3.2,7.39,7.51,3.77,3.42,3.16,2.8,2.44,2.03,1.98,1.91,1.34,0.69,1.35,1.38,1.36,1.37,1.91,1.89,1.78,1.7,1.64,1.63,1.63,1.63,1.61,1.46,1.32,5.83,1.6,1.46,3.63,1.7,4.6,0.858,−1.74,2.79,−1.08,−0.982,0.925,0.795,2.33,2.2,0.556,0.441,−1.38,−1.35,0.417
Somalia,5.57,5.58,5.55,5.39,5.22,5.21,5.19,5.18,5.16,5.15,5.12,5.1,5.11,5.03,4.37,3.49,3.64,8.09,13.3,9.52,1.74,1.3,4.14,4.59,4.98,5.06,4.6,1.29,−0.503,0.723,−2.7,−3.62,3.98,6.19,4.75,4.77,4.64,5.27,5.17,5.12,5.1,4.85,5.92,5.89,5.64,5.21,−4.43,7.53,6.96,6.81,4.92,2.26,4.56,4.91,4.76,5.16,5.19,4.83,4.96,5.08,4.93,4.29,4.33
Serbia,4.09,4.07,3.96,3.88,3.79,3.85,3.61,3.6,4.58,3.48,3.15,2,1.86,1.99,1.98,2.06,1.95,1.9,1.84,3.52,1.55,1.21,1.18,1.19,1.14,1.07,1.02,1.04,0.943,0.871,−3.19,0.553,0.571,0.547,0.505,0.353,0.118,0.023,0.0633,0.106,0.25,0.375,0.157,0.185,0.112,0.0179,0.00586,−0.0179,0.00514,0.00067,−0.353,−0.23,−0.282,−0.281,−0.309,−0.319,−0.296,−0.279,−0.238,−0.336,−0.581,−2.13,−0.2
South Sudan,1.4,1.45,1.46,1.71,1.76,1.32,1.13,1.2,1.19,1.16,1.59,1.97,2.24,2.47,2.48,2.47,2.43,2.41,2.38,2.34,2.33,2.32,4.71,8.05,7.85,7.86,6.86,3.66,3.1,6.4,7.91,7.28,5.61,3.08,3.79,3.26,3.59,2.77,3.44,5.2,5.25,5.24,5.31,5.45,5.59,5.74,5.81,5.76,5.55,6.19,6.37,5.47,4.82,1.75,0.0646,−1.26,−4.09,0.0446,4.36,4.1,3.1,3.03,5.77
Sao Tome and Principe,5.46,7.71,7.61,7.58,7.52,7.52,7.55,7.62,7.65,7.79,4.47,3.3,3.3,3.39,3.53,3.67,3.78,3.82,3.71,3.48,3.19,4.69,4.81,4.86,5,5.12,5.26,5.37,5.26,5.11,4.77,4.05,3.88,3.75,3.61,3.48,3.33,3.19,3.04,2.91,3.39,4.54,4.72,4.6,4.5,4.42,4.35,4.25,4.12,3.95,3.79,3.67,3.49,3.32,3.15,2.98,2.82,2.7,2.6,2.9,3.02,2.84,2.85
Suriname,3.38,4.08,4.6,3.9,2.99,2.93,2.93,2.93,2.91,2.86,2.73,3.65,4.44,4.11,3.79,3.48,3.16,2.86,2.55,2.79,0.137,0.407,0.694,1.02,1.36,1.49,1.28,1.44,1.64,1.11,0.722,0.731,0.533,0.831,1.81,2.24,2.19,2.17,2.17,2.17,2.17,2.14,2.08,1.58,0.961,0.988,1.04,1.06,1.07,1.06,1.04,1.03,1.03,1.03,1.03,1.02,1.01,1,1.09,1.16,1.01,0.982,1.07
Slovak Republic,4.44,3.32,3.22,3.22,3.14,3.04,2.94,2.84,2.8,2.44,2.72,3.34,3.4,3.42,3.39,3.35,3.3,3.22,3.15,2.93,2.02,1.66,1.61,1.56,1.54,1.47,1.4,1.37,1.31,1.26,0.588,−0.075,0.276,0.286,0.185,0.104,0.0783,0.0259,−0.00625,−0.244,−0.308,−0.304,−0.334,−0.289,−0.26,−0.268,−0.244,−0.186,−0.141,−0.408,−0.357,−0.0874,−0.151,−0.162,−0.111,−0.0252,0.0529,0.092,0.141,0.143,−0.101,−0.12,0.126
Slovenia,3.74,3.4,3.6,3.67,3.74,3.92,3.8,3.49,3.11,3.17,3.36,3.62,3.59,3.25,3.64,4.1,3.77,3.6,3.53,3.4,2.12,0.528,0.953,0.837,0.813,1.57,1.53,0.594,0.379,0.411,0.315,−0.0953,−0.187,−0.0623,0.0729,−0.00923,−0.0831,−0.167,0.125,0.347,0.209,0.275,0.502,0.506,0.611,0.755,0.993,0.592,1.33,0.864,0.634,0.635,0.557,0.519,0.493,0.517,0.532,0.855,1.21,1.21,0.828,0.772,0.999
Sweden,1.58,1.87,1.84,1.98,2.12,2.06,1.81,1.56,1.66,1.86,1.34,0.691,0.559,0.671,0.655,0.451,0.441,0.377,0.305,0.288,0.136,0.0572,0.0453,0.0909,0.165,0.233,0.334,0.46,0.667,0.773,0.807,0.775,0.767,0.896,0.707,0.266,0.0906,0.0889,0.111,0.194,0.322,0.399,0.447,0.467,0.472,0.694,0.929,0.966,1.04,1.03,1.04,1.12,1.22,1.35,1.41,1.6,1.69,1.49,1.33,1.03,0.897,0.968,0.75
Eswatini,12.5,12.5,12.4,12.5,12.5,12.4,10.2,10.1,10.1,10.1,10.1,10.2,10.1,10.1,10.1,10.2,6.06,5.4,5.4,5.4,5.4,5.39,5.34,5.31,5.71,5.99,5.9,6.62,6.65,6.04,6,5.78,4.87,1.94,1.86,3.92,3.25,0.712,0.509,0.45,0.343,0.216,0.106,0.0189,−0.0341,−0.082,0.206,1.66,1.62,1.56,1.53,1.19,1.2,1.21,1.22,1.26,1.46,1.66,1.69,1.87,1.97,1.86,1.81
Sint Maarten (Dutch part),8.98,9.44,9.35,9.01,8.78,8.55,8.37,8.12,7.83,7.54,7.13,6.9,7.02,7.01,6.85,6.62,6.46,6.31,6.01,5.69,6.94,9.36,9.94,9.24,8.64,8.15,7.75,7.41,7.18,6.98,6.83,4.94,1.44,−0.341,−0.455,−0.549,−0.616,−0.674,−0.695,−0.661,−0.153,0.759,1.18,1.15,1.15,1.15,1.11,1.07,1.04,0.901,1.39,2.18,2.35,2.26,2.16,2.06,1.93,1.82,1.68,1.53,1.36,1.36,1.44
Seychelles,6.51,6.31,6.14,6.05,5.99,5.92,5.82,5.73,5.61,5.51,5.22,5.98,5,5.21,5.6,5.23,5.2,0.821,0.827,0.881,1.19,0.555,−0.151,0.563,0.78,0.592,4.22,0.343,0.604,0.53,1.41,0.571,2.23,2.85,1.69,1.72,1.46,2.28,2.32,1.28,0.509,3.51,−0.648,0.146,1.01,2.66,1.12,2.87,1.06,3.48,−1.91,1.72,2.61,2.35,3.01,2.11,1.99,1.72,1.64,1.6,1.54,,0.635
Syria,4.59,4.65,4.7,4.74,4.76,4.79,4.8,4.81,4.82,4.84,4.28,4.14,4.11,4.1,4.13,4.15,4.15,4.15,4.11,4.07,4.03,3.8,3.85,3.94,3.95,3.92,3.88,3.83,3.74,3.66,3.57,3.49,3.44,3.37,3.51,3.44,3.35,3.3,3.26,3.21,3.16,3.12,3.08,3.16,3.25,4.96,6.83,4.21,2.22,2.93,−0.107,−2.41,−6.86,−8.62,−2.99,0.0752,1.41,3.05,5.09,4.55,3.88,4.92,6.04
Turks and Caicos Islands,1.12,0.958,0.877,0.905,0.718,0.606,0.744,0.668,0.594,0.937,2.29,3.51,3.68,3.7,3.71,3.75,3.75,3.87,3.8,4.63,8.17,8.35,8.1,7.8,7.48,7.2,6.85,6.47,6.21,6.54,6.74,6.78,6.55,6.35,6.13,5.88,5.62,5.46,5.31,5.21,5.37,5.84,6.03,5.74,5.47,5.23,5.05,4.87,4.67,4.46,4.14,4.53,5.07,4.47,4.71,4.91,4.41,4.34,4.07,3.05,2.15,1.55,0.974
Chad,5.93,5.93,5.94,6.58,8.5,8.43,8.38,8.37,8.34,8.38,8.35,8.43,8.15,8.05,7.85,7.64,7.44,7.34,3.15,1.27,1.15,5.73,5.98,2.35,2.03,4.02,4.52,4.41,4.4,3.78,4.67,5.25,3.17,2.45,4.56,4.58,3.6,3.59,3.67,3.61,3.53,3.63,4.15,4.61,4.18,3.75,3.6,3.65,3.72,3.69,3.84,3.91,4.05,4.13,3.82,3.86,4.1,4.24,4.17,4.21,4.55,4.64,5.83
Togo,9.76,9.7,9.68,9.93,10.4,11,11.4,11.5,11.2,9.34,4.71,4.35,4.13,4.03,3.95,3.9,3.86,3.88,4.01,4.26,4.54,4.8,4.92,4.86,4.69,4.55,4.52,4.5,4.43,4.38,4.32,4.27,0.807,1.79,5.76,5.12,4.56,4.22,4.2,4.12,3.99,3.89,3.87,3.9,3.89,4.11,4.21,4.17,4.11,3.99,4.02,3.97,3.9,3.85,3.83,3.82,3.8,3.78,3.74,3.71,3.67,3.64,3.62
Thailand,3.48,3.51,3.53,3.54,3.54,3.51,3.47,3.42,3.36,3.83,5.31,5.26,5.21,5.11,4.97,4.83,4.73,4.66,4.55,4.13,2.97,2.91,2.89,2.85,2.79,2.73,2.67,2.64,2.58,2.52,2.2,2.16,2.12,2.04,1.99,1.95,1.9,1.87,1.82,2.47,4.65,4.54,4.45,4.35,4.24,4.15,4.05,3.95,3.84,3.71,2.52,2.28,2.22,2.14,2.05,2.02,1.96,1.81,1.68,1.61,1.53,1.39,1.3
Tajikistan,4.42,4.47,4.5,4.51,4.48,4.46,4.45,4.44,4.38,3.43,2.35,2.34,2.37,2.38,2.39,2.4,2.4,2.35,2.29,2.24,2.19,2.21,2.26,2.3,2.43,2.63,2.81,2.86,1.76,0.672,0.794,0.106,−0.506,−0.117,0.227,0.079,−0.694,−1.32,−1.41,0.25,1.94,1.93,1.93,1.97,1.96,1.91,1.93,1.99,2.06,2.15,2.23,2.48,2.66,2.76,2.88,2.94,2.94,2.97,3.01,2.99,3,3.01,2.96
Turkmenistan,3.42,3.44,3.41,3.35,3.27,3.18,3.09,3.01,2.96,2.73,2.49,2.46,2.45,2.45,2.44,2.44,2.43,2.43,2.28,2.1,2.14,2.19,2.24,2.3,2.44,2.56,2.6,2.56,2.51,2.45,2.31,2.09,2.01,1.88,1.93,2.22,2.19,2.18,2.33,2.48,2.49,2.48,2.44,2.4,2.39,2.4,2.44,2.51,2.61,2.71,2.8,2.89,2.97,3.03,3.08,3.11,3.12,3.11,3.08,3.02,2.94,2.86,2.79
Timor-Leste,3.02,4.14,4.17,4.21,4.23,4.24,4.26,4.28,4.28,4.29,4.28,4.26,4.2,3.83,3.7,4.03,4.19,4.11,3.99,4.15,4.02,3.69,3.65,3.7,3.78,3.84,3.91,4.01,4.21,4.35,4.11,4.19,4.24,4.27,4.26,4.24,4.24,4.21,−10.7,−9.89,10.1,9.37,5.65,2.76,3.33,4.21,4.12,3.96,3.77,3.66,3.57,3.43,3.3,3.21,3.16,3.12,3.09,3.12,3.14,3.11,2.99,2.6,2.27
Tonga,4.91,4.87,4.85,4.84,4.81,4.78,3.24,2.06,2.01,1.96,1.91,1.83,1.79,2.24,2.69,2.6,2.13,1.54,1.39,1.27,1.17,1.1,1.04,1.02,1.01,1.04,0.876,0.744,0.574,0.438,0.335,0.268,0.219,0.206,0.197,0.196,0.53,0.828,0.77,0.739,0.721,0.687,0.69,0.706,0.689,0.676,0.627,0.507,0.405,0.415,0.389,−0.139,−0.581,−0.669,−0.71,−0.768,−0.388,0.0369,−0.00819,0,−0.184,−0.333,−0.272
Trinidad and Tobago,4.59,4.38,4.27,4.15,4,3.85,3.68,3.54,3.39,3.25,3.24,3.31,3.32,3.27,3.2,3.16,3.15,3.15,3.14,2.88,1.54,1.47,1.44,1.41,1.57,1.66,1.52,1.38,1.27,1.19,1.13,1.09,1.02,0.947,0.862,0.777,0.706,0.665,0.668,0.625,0.103,0.147,0.164,0.157,−4.2,−0.0765,0.0575,0.0684,−0.232,0.232,0.428,0.232,0.138,0.138,0.145,0.183,0.118,0.149,0.358,0.251,0.157,0.0123,0.31
Tunisia,2.31,2.37,2.46,2.55,2.71,3.24,4.29,4.43,4.45,4.4,4.38,4.38,4.39,4.42,4.37,3.91,3.84,3.68,3.51,3.48,3.45,3.36,3.22,3.57,4.15,4.06,3.96,3.81,3.64,3.51,3.5,3.47,3.33,2.98,2.22,2.09,1.99,1.9,1.81,1.74,1.67,1.63,1.59,1.5,1.32,1.32,1.35,1.39,1.45,1.5,1.53,1.55,1.6,1.6,1.55,1.53,1.48,1.42,1.37,1.28,1.08,1.05,1.14
Turkey,4.48,4.35,4.31,4.25,4.12,4.63,4.89,4.79,4.68,4.55,4.22,4.07,3.96,3.85,3.69,3.24,3.06,3.01,2.95,2.97,5.16,6.06,6.14,5.96,5.74,4.92,4.48,4.37,4.25,4.1,3.06,2.6,2.61,2.61,2.5,2.36,2.28,2.22,2.15,2.09,2.17,2.17,2.11,2.05,1.98,1.92,1.04,2.13,2.22,2.35,2.28,2.07,2.06,2.1,2.06,2.05,1.98,2.02,2.08,1.6,1.52,1.57,0.977
Tuvalu,4.29,4.22,4.24,3.4,2.64,2.75,2.68,2.7,3.38,3.67,3.54,3.27,2.87,5.51,7.99,7.57,7.26,6.92,6.09,5.38,4.97,4.61,4.37,4.15,4.57,5.68,5.34,5.19,5.02,4.84,4.7,3.02,1.9,1.84,1.71,1.6,1.53,1.46,1.37,1.4,1.33,1.27,2.45,3.36,3.33,3.21,3.22,3.32,3.25,3.32,3.38,3.21,2.35,1.51,1.4,1.21,0.901,0.284,−0.269,−0.48,−0.799,−0.867,−0.69
Tanzania,5.63,5.7,5.72,5.78,5.81,5.83,5.87,9.79,10.6,10.6,10.6,10.6,10.6,10.6,10.5,10.5,10.4,10.2,6.83,6.05,5.9,5.91,6.11,6.09,6.06,6.1,6.03,5.79,4.54,4.31,4.24,4.19,4.82,5.52,4.82,3.5,3.68,4.28,4.32,4.48,4.32,4.21,5.08,5.27,5.31,5.32,5.28,5.18,4.91,4.97,5.2,5.26,5.37,5.4,5.54,5.65,5.54,5.32,5.1,5.08,5.04,4.96,4.87
Uganda,7.28,7.31,7.38,7.41,7.39,7.45,7.45,7.51,7.45,4.56,3.92,3.6,3.44,3.58,3.7,3.73,3.75,3.75,3.51,4.47,6,6.23,6.37,6.56,6.67,6.76,6.92,7.01,7.03,7.02,6.64,6.3,6.32,6.22,5.58,5.54,5.72,5.79,6.04,5.94,5.83,5.89,5.9,5.74,5.64,5.63,5.62,5.62,5.59,5.58,5.55,5.51,5.45,5.52,5.63,5.85,5.99,5.86,5.83,5.74,5.59,5.35,5.11
Ukraine,2.93,2.81,2.72,2.62,2.66,2.58,2.53,2.47,2.35,2.05,1.96,2.07,1.95,1.86,1.78,1.69,1.58,1.5,1.47,1.47,1.45,1.39,1.41,1.43,1.34,1.3,1.26,1.27,0.852,0.321,0.283,0.351,0.109,−0.468,−0.733,−0.796,−0.803,−0.748,−0.746,−0.785,−0.855,−0.73,−0.533,−0.445,−0.539,−0.383,−0.196,−0.258,−0.16,−0.223,−0.184,−0.0761,−0.0453,−0.2,−0.274,−0.233,−0.264,−0.348,−0.383,−0.425,−0.643,−7.39,−8.17
Uruguay,1.54,1.48,1.44,1.38,1.31,1.24,1.16,1.07,0.952,0.853,0.804,0.783,0.788,0.828,0.906,1.16,1.11,1.03,0.947,0.861,0.82,0.842,0.863,0.864,0.879,0.939,0.98,0.998,0.988,0.969,0.948,0.915,0.877,0.86,0.851,0.851,0.872,0.825,0.774,0.684,0.544,0.429,0.35,0.329,0.338,0.364,0.413,0.446,0.464,0.473,0.458,0.392,0.407,0.436,0.453,0.438,0.371,0.278,0.175,0.145,0.0252,−0.0815,0.00314
USA,2.2,2.08,1.97,1.91,1.77,1.67,1.59,1.5,1.47,1.53,1.28,1.08,0.968,0.927,1,0.964,1.02,1.07,1.12,1.02,1.19,1.16,1.12,1.07,1.09,1.13,1.09,1.11,1.14,1.41,1.87,1.91,1.83,1.73,1.69,1.65,1.68,1.64,1.61,1.51,1.21,1.15,1.08,1.14,1.14,1.18,1.16,1.16,1.09,1.04,0.94,0.95,0.915,0.959,0.967,0.958,0.872,0.767,0.702,1.22,0.41,0.622,0.749
Uzbekistan,4.45,4.64,4.61,4.54,4.49,4.39,4.28,4.18,4.04,4.09,4.19,4.14,4.14,4.15,4.14,4.12,4.1,3.99,3.29,2.59,2.59,2.6,2.64,2.71,2.79,2.84,2.83,2.73,3.14,3.55,3.54,3.58,3.42,3.24,3.1,2.96,2.8,2.64,2.46,2.31,2.25,2.26,2.24,2.24,2.25,2.28,2.38,2.51,2.57,2.54,1.91,1.31,1.37,1.47,1.53,1.53,1.5,1.58,1.72,1.83,1.96,2.09,2.15
St. Vincent and the Grenadines,3.47,3.29,3.17,3.07,2.99,2.9,2.82,2.72,2.62,2.58,2.55,2.55,2.51,2.45,2.4,2.36,2.33,2.29,2.2,2.22,2.31,2.33,2.28,2.25,2.2,2.14,2.07,2,1.94,1.86,1.66,1.1,1.04,0.997,0.947,0.891,0.837,0.85,0.975,0.964,0.759,0.665,0.619,0.531,0.461,0.417,0.37,0.352,0.336,0.305,0.247,0.242,0.246,0.247,0.263,0.227,0.15,0.095,0.0675,0.175,0.126,0.0109,0.0727
Venezuela,5.59,5.17,5.07,4.98,4.88,4.8,4.71,4.61,4.5,4.4,4.32,4.11,3.98,3.93,3.88,3.84,3.8,3.76,3.71,3.64,3.57,3.43,3.35,3.3,3.24,3.21,3.18,3.12,3.05,2.98,2.83,2.73,2.65,2.58,2.52,2.46,2.41,2.37,2.3,2.23,2.16,1.84,1.81,1.75,1.7,1.65,1.58,1.48,1.39,1.34,1.31,1.27,1.22,1.15,1.06,0.638,−0.633,−2.48,−2.92,−1.68,−0.676,−0.0279,0.379
British Virgin Islands,4.23,3.58,3.64,3.78,4.15,4.88,5.8,7.06,8.76,7.15,4.84,4.51,4.47,4.33,4.15,4.03,3.92,3.82,3.72,4.86,8.63,9.27,9.06,8.83,8.6,8.43,8.27,8.19,8.03,7.97,6.98,3.15,3.04,3.1,3.14,3.14,3.2,3.19,3.19,3.21,3.36,3.67,3.9,4.01,4.07,4.15,4.22,4.3,4.21,2.42,4.43,6.31,5.15,4.68,5.34,−1.01,−2.73,6.62,5.72,2.84,2.63,2.18,2.56
Virgin Islands (U.S.),7.82,4.37,15.1,4.68,8.53,8.07,8.06,14.5,9.76,6.89,12.8,8.94,11.3,8.19,6.36,3.14,−1.81,4.14,1.47,4.68,1.32,1.27,1.28,1.21,1.07,0.952,0.888,0.843,0.839,3.57,1.49,1.51,1.43,1.28,1.02,0.787,0.743,0.643,0.51,0.426,0.161,0.201,0.228,0.189,0.205,0.133,0.175,0.253,0.198,0.142,0.115,0.0721,0.0234,0.00292,−0.0146,−0.0458,−0.0897,−0.139,−0.194,−0.244,−0.291,−0.333,−0.378
Vietnam,4.89,4.82,4.98,4.87,4.73,4.57,4.44,4.3,4.27,4.33,2.84,2.8,2.75,2.76,2.85,3.07,3.15,3.13,2.74,2.52,2.67,2.67,2.71,2.72,2.64,2.48,2.35,2.35,2.76,3.92,3.92,3.84,3.72,3.6,3.46,3.3,3.22,3.19,3.19,3.44,3.33,3.3,3.25,3.21,3.14,3.52,3.95,3.99,3.65,3.32,3.31,3.31,3.29,3.31,3.31,3.31,3.26,3.09,2.92,2.85,2.76,2.61,2.5
Vanuatu,4.52,4.54,4.57,4.6,4.62,4.65,4.68,4.68,4.64,4.63,4.64,4.67,4.67,4.69,4.7,4.72,4.72,4.73,4.83,4.84,4.76,4.86,4.95,4.99,5.02,5.04,5.04,5.03,4.88,4.02,3.99,3.98,3.93,3.88,3.79,3.71,3.62,3.56,3.53,3.65,3.8,3.77,3.74,3.71,3.69,3.68,3.7,3.76,3.79,3.06,2.57,2.6,2.63,2.64,2.63,2.63,2.74,2.83,2.81,2.84,2.86,2.91,2.94
Samoa,2.95,3.05,3.05,2.96,2.85,2.81,3.11,2.95,2.88,2.82,2.74,2.1,1.74,2.35,2.97,2.81,1.86,1.1,1.02,0.976,0.916,0.52,0.136,0.0509,0.0311,0.127,0.358,0.407,0.252,0.162,0.192,0.84,1.26,1.22,1.23,1.27,1.25,1.18,1.18,1.19,1.22,0.134,−0.595,−0.678,−0.728,−0.734,−0.553,−0.379,−0.362,−0.314,−0.235,−0.267,−0.33,−0.336,−0.366,−0.391,−0.298,−0.0897,0.0238,0.0976,0.0369,−0.0237,0.0343
Yemen,6.07,6.08,6.05,6.11,6.22,6.27,6.33,6.4,6.45,6.43,4.9,4.96,5,5.07,5.13,5.21,5.26,5.32,5.42,5.55,5.61,5.69,5.76,5.83,5.9,6.17,6.57,6.57,6.51,6.49,6.46,6.42,6.35,6.26,5.87,5.4,5.2,5.16,5.11,5.06,4.98,4.92,4.87,4.86,5,5.15,5.12,5.08,5.06,4.99,4.88,4.86,4.85,4.86,4.82,4.76,4.75,4.68,4.67,4.56,4.41,4.53,4.64
South Africa,3.18,3.22,3.27,3.3,3.32,3.34,3.36,3.36,3.33,3.25,3.05,2.99,2.98,2.94,2.89,2.83,2.83,2.85,2.83,3.2,3.75,3.8,3.83,3.8,3.91,4.27,4.18,4.1,3.98,3.81,3.27,2.71,2.9,2.52,2.1,2.18,2.07,2.08,1.95,1.76,1.69,1.87,1.94,1.94,1.93,1.93,1.95,2.04,2.06,2.04,2.08,2.31,2.47,2.47,2.81,1.73,1.43,2.45,2.4,2.36,2.27,2.13,2.03
Zambia,7.48,7.45,7.74,9.26,9.15,9.08,8.98,8.89,8.71,6.21,5.65,5.67,5.68,5.71,5.73,5.73,5.69,5.64,5.57,5.53,3.16,3.09,3.1,2.95,2.87,2.86,2.76,2.62,2.51,2.44,1.41,1.19,1.15,1.14,1.16,1.19,1.29,1.34,1.39,1.51,3.6,4.42,4.44,4.5,4.61,4.75,4.82,4.85,4.81,4.73,4.58,4.5,4.46,4.43,4.38,4.35,4.33,4.27,4.22,4.16,4.07,4.01,4.04
Zimbabwe,4.8,5.16,6.87,6.87,6.83,6.81,6.79,6.77,6.63,5.89,5.8,5.86,5.92,5.98,5.58,5.44,4.93,3.81,3.93,8.1,8.61,6.2,6.49,6.29,6.16,6.03,5.97,5.8,5.5,5.3,5.16,5.35,2.9,1.39,2.19,2.91,3.12,3.19,2.85,2.14,1.88,2.17,0.883,0.548,0.408,0.677,0.777,0.66,0.863,1.07,1.23,1.07,0.858,0.911,0.973,1.11,1.26,1.4,1.57,1.76,1.92,1.99,2.05
